B-4730	101810423	Raeren		locality	2
B-4731	1125840143	Eynatten		locality	2
B1500	101754341	Halle		locality	2
²2970	101755777	's-Gravenwezel		locality	2
<différent>	101913549	Balen		locality	1
B 6940	101839741	Durbuy		locality	1
B-2018	101748099	Antwerp		locality	1
B-4730	1125897229	Hauset		locality	1
B-5503	1126027689	Sorinnes		locality	1
B-6950	101811643	Nassogne		locality	1
B-7191	101810479	Écaussinnes		locality	1
B-9991	101838973	Adegem		locality	1
Brechtsebaan	101839067	Brecht		locality	1
Ethias	101748077	Namur		locality	1
Mol	101913549	Balen		locality	1
s	1125999609	Herfelingen		locality	1
230	101837613	Turnhout		locality	1
350	101838849	Beringen		locality	1
650	101839749	Thuin		locality	1
894	101838757	Wervik		locality	1
1000	101913247	Brussels		locality	10662
1000	101751573	Brussel		locality	1511
1020	101913247	Brussels		locality	326
1030	101913247	Brussels		locality	16
1030	101751573	Brussel		locality	1
1040	101913247	Brussels		locality	45
1041	101913247	Brussels		locality	1
1049	101913247	Brussels		locality	1
1050	101913247	Brussels		locality	71
1060	101913247	Brussels		locality	8
1070	101751573	Brussel		locality	1
1080	101751573	Brussel		locality	4
1080	101913247	Brussels		locality	4
1090	1125871671	Forest		locality	16
1090	101913247	Brussels		locality	12
1120	101913247	Brussels		locality	135
1130	101913247	Brussels		locality	60
1130	1125796891	Haren		locality	2
1140	101913247	Brussels		locality	1
1150	101913235	Brussel		locality	1
1160	101913247	Brussels		locality	11
1170	101913247	Brussels		locality	4
1190	1125871671	Forest		locality	250
1190	101913247	Brussels		locality	1
1190	1125948839	Vorst		locality	1
1210	101913247	Brussels		locality	3
1300	101754277	Wavre		locality	95
1300	101755245	Limal		locality	12
1300;1301	101754277	Wavre		locality	1
1301	101754277	Wavre		locality	13
1301	101755225	Bierges		locality	7
1301	101755249	La Hulpe		locality	1
1302	101755245	Limal		locality	1
1310	101755249	La Hulpe		locality	22
1315	101810489	Incourt		locality	7
1315	1125875327	Glimes		locality	5
1315	1125811579	Roux-Miroir		locality	5
1315	1125766843	Sart-Risbart		locality	3
1320	101913261	Hamme-Mille		locality	3
1320	101810485	Beauvechain		locality	1
1325	1125893759	Chaumont-Gistoux		locality	465
1325	1125777345	Corroy-le-Grand		locality	3
1325	1125899959	Bonlez		locality	2
1330	101755259	Rixensart		locality	295
1331	1126040171	Rosières		locality	2
1332	101755257	Genval		locality	6
1332	101755259	Rixensart		locality	4
1332	1126057579	Lasne		locality	1
1340	1125963193	Ottignies		locality	147
1340	101754287	Ottignies-Louvain-la-Neuve		locality	35
1341	1125963193	Ottignies		locality	46
1341	1125939785	Céroux-Mousty		locality	36
1341	101754287	Ottignies-Louvain-la-Neuve		locality	3
1342	101755235	Limelette		locality	5
1342	1125963193	Ottignies		locality	1
1348	101754287	Ottignies-Louvain-la-Neuve		locality	697
1348	1125954005	Louvain-la-Neuve		locality	6
1350	1125929449	Orp-Jauche		locality	38
1350	101810487	Orp-le-Grand		locality	20
1350	1125779105	Marilles		locality	18
1350	101810491	Jauche		locality	15
1350	1125779395	Noduwez		locality	2
1350	1125777631	Folx-les-Caves		locality	1
1350	101838639	Hannut		locality	1
1357	101810499	Neerheylissem		locality	8
1360	1125977779	Perwez		locality	10
1360	1126058905	Thorembais-Saint-Trond		locality	1
1367	101810507	Ramillies		locality	6
1370	101810501	Jodoigne		locality	1803
1370	1125832877	Jodoigne-Souveraine		locality	1
1370	1125823739	Sainte-Marie-Geest		locality	1
1380	1125823729	St.-Germain		locality	124
1380	1126057579	Lasne		locality	23
1380	101810495	Plancenoit		locality	18
1380	1125779053	Maransart		locality	17
1380	1126058897	Ohain		locality	2
1390	101755247	Grez-Doiceau		locality	19
1400	101838657	Nivelles		locality	726
1401	1125799469	Baulers		locality	47
1402	1125780405	Thines		locality	1
1404	1126032121	Bornival		locality	1
1410	101754281	Waterloo		locality	391
1420	101754285	Braine-l'Alleud		locality	510
1421	101755223	Ophain-Bois-Seigneur-Isaac		locality	28
1421	1125965697	Bois Seigneur Isaac		locality	2
1428	101810505	Lillois-Witterzée		locality	40
1430	101755237	Quenast		locality	2
1435	1125821203	Mont-Saint-Guibert		locality	1158
1435	101839777	Mont-Saint-Guibert		locality	425
1435	1126050649	Hévillers		locality	183
1435	1126058871	Corbais		locality	4
1440	101755231	Braine-le-Château		locality	4
1440	1126048763	Wauthier-Braine		locality	3
1450	1125872101	Chastre-Villeroux-Blanmont		locality	286
1450	101839781	Chastre		locality	17
1457	101810513	Walhain		locality	65
1457	1126044957	Tourinnes-St.-Lambert		locality	4
1457	101810509	Court-Saint-Étienne		locality	3
1460	1125769405	Virginal-Samme		locality	83
1460	101755239	Ittre		locality	1
1461	1125789951	Haut-Ittre		locality	8
1470	101810515	Genappe		locality	26
1470	1126048775	Baisy-Thy		locality	9
1470	1125784981	Bousval		locality	3
1471	1125778953	Loupoigne		locality	34
1472	1125780667	Vieux-Genappe		locality	3
1472	101810515	Genappe		locality	2
1473	1125936847	Glabais		locality	2
1474	101810515	Genappe		locality	1
1474	1125830255	Ways		locality	1
1480	101754283	Tubize		locality	464
1480	101755227	Saintes		locality	3
1480	1125810977	Clabecq		locality	1
1490	1126039683	Court-St.-Étienne		locality	189
1490	101810509	Court-Saint-Étienne		locality	2
1490	1125995633	La Roche		locality	1
1495	101810503	Villers-la-Ville		locality	169
1495	1125992087	Sart-Dames-Avelines		locality	12
1495	1125950003	Mellery		locality	11
1495	1125780469	Tilly		locality	3
1495	101810497	Marbais		locality	2
1500	101754341	Halle		locality	51
1501	1125936815	Buizingen		locality	3
1502	101755551	Lembeek		locality	8
1502	101754341	Halle		locality	3
1540	101913295	Herne		locality	62
1547	101810559	Bever		locality	1
1560	101755543	Hoeilaart		locality	3998
1570	101810555	Galmaarden		locality	6
1570	1126053505	Tollembeek		locality	2
1570	1125908025	Vollezele		locality	1
1600	101755459	Leeuw-St-Pierre		locality	81
1601	101755663	Ruisbroek		locality	21
1602	101755459	Leeuw-St-Pierre		locality	1
1620	101754343	Sint-Genesius-Rode		locality	17
1620	101913247	Brussels		locality	1
1630	101755541	Linkebeek		locality	38
1630	101755545	Beersel		locality	1
1640	101754343	Sint-Genesius-Rode		locality	749
1650	101755545	Beersel		locality	5
1651	101755545	Beersel		locality	7
1652	1126034339	Alsemberg		locality	4
1653	101755545	Beersel		locality	58
1653	101755535	Dworp		locality	27
1654	101755529	Huizingen		locality	3
1671	1125776495	Elingen		locality	48
1700	1125764857	Dilbeek		locality	302
1700	1126019903	Sint-Ulriks-Kapelle		locality	86
1700	1125811693	Sint-Martens-Bodegem		locality	1
1701	1125902021	Itterbeek		locality	8
1701	1125764857	Dilbeek		locality	6
1702	1125764857	Dilbeek		locality	210
1702	101755455	Groot-Bijgaarden		locality	153
1703	101755457	Schepdaal		locality	788
1703	1125764857	Dilbeek		locality	3
1703	1125811693	Sint-Martens-Bodegem		locality	1
1730	101755501	Asse		locality	84
1730	101809285	Mollem		locality	4
1730	1125776453	Kobbegem		locality	2
1731	1125776281	Relegem		locality	51
1731	101755505	Zellik		locality	31
1731	101755501	Asse		locality	16
1740	101755453	Ternat		locality	4447
1741	101755453	Ternat		locality	734
1741	101755513	Wambeek		locality	1
1742	101755451	Sint-Katherina-Lombeek		locality	174
1742	101755453	Ternat		locality	60
1745	101755519	Opwijk		locality	13
1745	1125863833	Mazenzele		locality	1
1755	101755493	Gooik		locality	9
1755	1125995873	Leerbeek		locality	1
1755	1125776235	Oetingen		locality	1
1760	1125809999	Roosdaal		locality	4
1760	101755487	Onze-Lieve-Vrouw-Lombeek		locality	1
1761	1125946631	Borchtlombeek		locality	1
1770	101754339	Liedekerke		locality	16
1771	101810375	Comblain		locality	1
1780	101754337	Wemmel		locality	50
1785	101809283	Merchtem		locality	32
1785	1125843611	Brussegem		locality	2
1790	1125857913	Affligem		locality	15
1790	101755463	Teralfene		locality	1
1800	1125811729	Vilvoorde		locality	146
1820	101758531	Steenokkerzeel		locality	33
1820	1126009279	Melsbroek		locality	4
1830	1125898771	Machelen		locality	147
1830	1125811729	Vilvoorde		locality	15
1831	1125898771	Machelen		locality	3
1840	101809289	Steenhuffel		locality	38
1840	101754331	Londerzeel		locality	25
1850	101755473	Grimbergen		locality	142
1851	101755473	Grimbergen		locality	1
1853	1125780393	Strombeek-Bever		locality	4
1860	101755471	Meise		locality	5
1861	101755471	Meise		locality	18
1861	101755499	Wolvertem		locality	6
1880	101755465	Ramsdonk		locality	13
1880	101754335	Kapelle-op-den-Bosch		locality	11
1880	1126043965	Nieuwenrode		locality	2
1910	101755525	Kampenhout		locality	19
1930	101913247	Brussels		locality	1
1931	1125898771	Machelen		locality	2
1931	1126009279	Melsbroek		locality	1
1980	101758533	Zemst		locality	168
1980	1125773029	Eppegem		locality	35
1981	101758533	Zemst		locality	19
1981	1125766489	Hofstade		locality	12
1982	101755497	Elewijt		locality	239
1982	101758533	Zemst		locality	4
1982	101758535	Weerde		locality	1
2000	101748099	Antwerp		locality	1570
2018	101748099	Antwerp		locality	1733
2020	101748099	Antwerp		locality	413
2030	101748099	Antwerp		locality	338
2040	101748099	Antwerp		locality	4
2040	101839063	Zandvliet-kern		locality	2
2040	1125925463	Lillo		locality	1
2050	101748099	Antwerp		locality	16
2060	101748099	Antwerp		locality	914
2070	101837597	Zwijndrecht		locality	66
2070	101837599	Burght		locality	3
2100	1125953807	Deurne		locality	35
2100	101748099	Antwerp		locality	9
2110	1125871701	Wijnegem		locality	53
2140	101748099	Antwerp		locality	2
2140	1125953807	Deurne		locality	1
2160	101754401	Wommelgem		locality	73
2170	101748099	Antwerp		locality	2
2180	101748101	Ekeren		locality	13
2180	101748099	Antwerp		locality	12
2200	101754415	Herentals		locality	690
2200	101754409	Noorderwijk		locality	333
2200	101755833	Morkhoven		locality	3
2220	101755661	Heist-op-den-Berg		locality	764
2221	101755661	Heist-op-den-Berg		locality	2694
2221	1125983483	Booischot		locality	2
2222	101755661	Heist-op-den-Berg		locality	3536
2222	101755651	Itegem		locality	4
2222	1126058453	Wiekevorst		locality	1
2223	101755661	Heist-op-den-Berg		locality	2
2230	101755841	Herselt		locality	14
2235	101755811	Hulshout		locality	10
2240	1125987567	Massenhoven		locality	186
2240	101755785	Santhoven		locality	8
2240	1126032737	Viersel		locality	3
2240	101755823	Geel		locality	1
2242	101809457	Pulderbosch		locality	267
2242	101755785	Santhoven		locality	2
2243	101755785	Santhoven		locality	1
2250	101755807	Olen		locality	501
2260	101755825	Westerlo		locality	40
2260	101754411	Oevel		locality	8
2270	101808131	Herenthout		locality	35
2275	101839109	Wechelderzande		locality	32
2275	101839121	Lille		locality	31
2280	101839133	Grobbendonk		locality	69
2288	101839141	Bouwel		locality	154
2288	101839133	Grobbendonk		locality	9
2290	101809477	Vorselaar		locality	6
2300	101837613	Turnhout		locality	283
2310	101839085	Rijkevorsel		locality	139
2320	101837607	Hoogstraten		locality	363
2321	101837603	Meer		locality	65
2321	1125766577	Nieuwrode		locality	1
2322	101837605	Minderhout		locality	37
2322	101837607	Hoogstraten		locality	1
2323	101809465	Wortel		locality	454
2328	101809459	Meerle		locality	85
2330	101839083	Merksplas		locality	14
2340	101839093	Beerse		locality	1575
2340	101839103	Vlimmeren		locality	3
2350	101839099	Vosselaar		locality	3630
2350	101839093	Beerse		locality	2
2360	101839097	Oud-Turnhout		locality	87
2360	101809471	Arendonk		locality	8
2370	101809471	Arendonk		locality	163
2380	101809469	Ravels		locality	9
2382	101809461	Poppel		locality	1
2382	101809469	Ravels		locality	1
2387	1125862283	Baarle-Hertog		locality	45
2390	101755761	Westmalle		locality	69
2390	101839075	Malle		locality	24
2390	101755777	's-Gravenwezel		locality	1
2400	101837615	Mol		locality	13596
2400	101839135	Millegem		locality	1
2400	1126005671	Postel		locality	1
2430	1125765851	Laakdal		locality	44
2430	1125950755	Meerlaar		locality	3
2431	101809479	Veerle		locality	49
2431	1125765851	Laakdal		locality	12
2440	101755823	Geel		locality	7564
2440	101838937	Lommel		locality	1
2450	101837609	Meerhout		locality	3876
2460	101839117	Kasterlee		locality	28
2460	101839123	Lichtaart		locality	5
2470	101839107	Retie		locality	4162
2470	101839097	Oud-Turnhout		locality	1
2480	101839119	Dessel		locality	3479
2480	101839107	Retie		locality	1
2490	101913549	Balen		locality	6661
2490	101837615	Mol		locality	2
2491	101913549	Balen		locality	1416
2491	1125872719	Olmen		locality	2
2500	101754363	Lier		locality	6367
2500	101755655	Koningshooikt		locality	7
2500	101755771	Sint-Antonius		locality	1
2520	101755793	Broechem		locality	97
2520	101755789	Ranst		locality	14
2520	101755787	Oeleghem		locality	13
2520	1125781181	Emblem		locality	1
2530	101755477	Boechout		locality	63
2531	101755795	Vremde		locality	3
2540	1125960839	Hove		locality	649
2540	101913601	Herk-de-Stad		locality	1
2547	101754407	Linth		locality	82
2550	101754403	Contich		locality	396
2550	1125995651	Waarloos		locality	4
2550	101748099	Antwerp		locality	2
2560	101838871	Nijlen		locality	77
2560	101754361	Kessel		locality	57
2560	101809343	Bevel		locality	1
2570	101754365	Duffel		locality	116
2580	101755673	Putte		locality	43
2580	101755671	Beerzel		locality	12
2581	101838849	Beringen		locality	2
2590	101755649	Berlaar		locality	4081
2590	101755671	Beerzel		locality	26
2600	101809243	Berchem		locality	489
2600	101748099	Antwerp		locality	6
2600	101748091	Mechelen		locality	1
2610	1125995653	Wilrijk		locality	331
2610	101748099	Antwerp		locality	22
2610	1125871701	Wijnegem		locality	1
2620	1125843961	Hemiksem		locality	72
2627	1125821245	Schelle		locality	64
2630	1126040613	Aartselaar		locality	73
2640	1125943925	Mortsel		locality	67
2640	1125953807	Deurne		locality	1
2650	1125776225	Edegem		locality	97
2660	101748099	Antwerp		locality	1
2800	101748091	Mechelen		locality	552
2800	1126035473	Walem		locality	115
2800	1126009293	Muizen		locality	1
2801	101748091	Mechelen		locality	8
2801	1125933667	Heffen		locality	2
2811	1125999705	Hombeek		locality	143
2811	101755639	Leest		locality	3
2811	101913269	Mechelen		locality	2
2812	1126009293	Muizen		locality	5
2820	101755645	Bonheiden		locality	5
2820	1125766641	Rijmenam		locality	2
2830	101754371	Willebroek		locality	43
2830	1126058909	Tisselt		locality	18
2830	1125790109	Heindonk		locality	1
2840	101755797	Reeth		locality	39
2840	1125983381	Rumst		locality	16
2840	1125984559	Terhagen		locality	4
2840	101754365	Duffel		locality	1
2845	1126016617	Niel		locality	140
2845	1126040613	Aartselaar		locality	1
2850	1126016879	Boom		locality	77
2860	1125811659	Sint-Katelijne-Waver		locality	501
2870	101758541	Puurs		locality	125
2870	101755663	Ruisbroek		locality	90
2870	101755631	Breendonk		locality	3
2870	1125890435	Liezele		locality	1
2880	101754367	Bornem		locality	198
2880	101755653	Hingene		locality	167
2880	101755659	Branst		locality	1
2880	1126017553	Weert		locality	1
2890	101755675	Sint-Amands		locality	3
2890	101754367	Bornem		locality	1
2890	1125992049	Lippelo		locality	1
2900	1125995801	Schoten		locality	55
2910	101837591	Esschen		locality	11
2910	101837595	Wildert		locality	1
2920	101839057	Calmpthout		locality	35
2920	101839053	Achterbroek		locality	4
2930	101754397	Brasschaat		locality	22
2940	1125934269	Stabroek		locality	21
2950	1126016693	Kapellen		locality	122
2950	101839057	Calmpthout		locality	1
2960	101839069	Sint-Lenaarts		locality	18
2960	101839067	Brecht		locality	15
2960	101839079	Sint-Job-in-'t-Goor		locality	11
2970	101755777	's-Gravenwezel		locality	330
2970	101754399	Schilde		locality	18
2980	101755769	Zoersel		locality	66
2980	101755781	Halle		locality	58
2980	101755771	Sint-Antonius		locality	1
2990	101808129	Wuestwezel		locality	33
2990	101755751	Gooreind		locality	1
2990	101809453	Loenhout		locality	1
3000	101748089	Leuven		locality	6262
3000	1125814893	Heverlee		locality	3
3000	101837535	Hasselt		locality	1
3001	1125814893	Heverlee		locality	520
3001	101748089	Leuven		locality	9
3001	1125857693	Haasrode		locality	1
3010	1125953921	Kessel-Lo		locality	109
3010	101748089	Leuven		locality	34
3012	1125936991	Wilsele		locality	135
3012	101748089	Leuven		locality	26
3018	101748089	Leuven		locality	4
3018	101755405	Wijgmaal		locality	2
3020	101755373	Herent		locality	237
3020	101755429	Winksele		locality	3
3020	1125814893	Heverlee		locality	1
3020	101755427	Veltem-Beisem		locality	1
3040	101755369	Huldenberg		locality	5
3040	1125779489	Neerijse		locality	4
3040	1125776249	Ottenburg		locality	2
3040	1125822913	Loonbeek		locality	1
3050	1126016603	Oud-Heverlee		locality	15
3051	1126016603	Oud-Heverlee		locality	1
3052	1126016603	Oud-Heverlee		locality	43
3053	1125857693	Haasrode		locality	15
3053	1126016603	Oud-Heverlee		locality	4
3054	101755367	Vaalbeek		locality	2
3054	1126016603	Oud-Heverlee		locality	1
3060	101755409	Bertem		locality	7
3061	1125790633	Leefdaal		locality	2
3061	101755409	Bertem		locality	1
3070	101754327	Kortenberg		locality	37
3071	101754327	Kortenberg		locality	28
3071	101758525	Erps-Kwerps		locality	17
3078	1126056401	Everberg		locality	9
3080	101754329	Tervuren		locality	225
3080	1125777401	Duisburg		locality	1
3080	1126058893	Moorsel		locality	1
3080	1126001027	Vossem		locality	1
3090	101755537	Overijse		locality	154
3090	1126029191	Terlanen		locality	1
3100	101754277	Wavre		locality	3
3110	101755417	Rotselaar		locality	29
3110;3111;3118	101755417	Rotselaar		locality	1
3111	101755417	Rotselaar		locality	18
3111	101755407	Holsbeek		locality	1
3111	101755419	Wezemaal		locality	1
3118	1125936703	Werchter		locality	41
3118	101755417	Rotselaar		locality	9
3120	101755397	Tremelo		locality	93
3128	1125782675	Baal		locality	5
3130	101755371	Begijnendijk		locality	60
3130	101755401	Betekom		locality	7
3140	101755383	Keerbergen		locality	330
3140	101755397	Tremelo		locality	1
3150	101755443	Haacht		locality	80
3150	1125811715	Tildonk		locality	2
3150	1126060441	Wespelaar		locality	2
3190	101755439	Boortmeerbeek		locality	23
3191	101755439	Boortmeerbeek		locality	5
3200	101754323	Aarschot		locality	87
3200	1125784409	Gelrode		locality	1
3200;3201;3202	101754323	Aarschot		locality	1
3201	1125995637	Langdorp		locality	5
3201	101754323	Aarschot		locality	3
3202	101754323	Aarschot		locality	15
3202	101755445	Rillaar		locality	10
3210	101755421	Lubbeek		locality	56
3210	101755375	Linden		locality	33
3211	1125777153	Binkom		locality	1
3212	101755421	Lubbeek		locality	1
3220	101755407	Holsbeek		locality	62
3221	1125766577	Nieuwrode		locality	14
3221	101755407	Holsbeek		locality	9
3270	101755437	Scherpenheuvel		locality	5
3271	101755425	Averbode		locality	1509
3271	101755385	Zichem		locality	51
3271	101755437	Scherpenheuvel		locality	1
3272	1126025471	Testelt		locality	1
3290	101754325	Diest		locality	3478
3290	101755387	Schaffen		locality	2019
3290	1125797189	Deurne		locality	901
3290;3293;3294	101754325	Diest		locality	1
3293	101754325	Diest		locality	7
3294	1125766549	Molenstede		locality	1410
3300	101837521	Tienen		locality	11534
3300	101838739	Bost		locality	96
3300	101809259	Kortenaken		locality	10
3300	101838743	Boutersem		locality	5
3300	1125777873	Goetsenhoven		locality	4
3300	101810549	Kumtich		locality	3
3300	101838745	Glabbeek		locality	2
3300	1125947597	Hakendover		locality	1
3300	1125790167	Houtem		locality	1
3320	101838751	Hoegaarden		locality	2119
3320	101837521	Tienen		locality	2
3321	101838751	Hoegaarden		locality	198
3350	1125952833	Linter		locality	523
3350	1126019921	Wommersom		locality	3
3360	101755365	Bierbeek		locality	18
3360	101755433	Korbeek-Lo		locality	8
3360	1126041131	Lovenjoel		locality	5
3370	101838743	Boutersem		locality	2726
3370	1125953803	Kerkom		locality	8
3380	101838745	Glabbeek		locality	1241
3380	101838701	Wellen		locality	4
3380	101837521	Tienen		locality	1
3381	101838745	Glabbeek		locality	47
3381	1126048175	Glabbeek-Zuurbemde		locality	1
3384	101838745	Glabbeek		locality	36
3384	101838851	Opglabbeek		locality	1
3390	1126046731	Houwaart		locality	4
3390	1126025175	Sint-Joris-Winge		locality	3
3390	101754319	Tielt		locality	1
3391	1125779145	Meensel-Kiezegem		locality	2
3400	101838737	Landen		locality	59
3404	101838737	Landen		locality	10
3440	101838747	Zoutleeuw		locality	43
3440	101755175	Awans		locality	1
3440	1125843601	Budingen		locality	1
3450	101809257	Geetbets		locality	190
3450	1125784425	Grazen		locality	44
3454	101809257	Geetbets		locality	834
3460	101755447	Bekkevoort		locality	56
3460	1125890337	Assent		locality	2
3460	1125779237	Molenbeek-Wersbeek		locality	1
3461	1125779237	Molenbeek-Wersbeek		locality	7
3471	1125861083	Hoeleden		locality	3
3500	101837535	Hasselt		locality	1422
3500;3501;3510;3511;3512	101837535	Hasselt		locality	1
3510	101837535	Hasselt		locality	19
3510	101838615	Kermpt		locality	5
3511	101837535	Hasselt		locality	20
3511	1125776203	Kuringen		locality	9
3512	1125766623	Stevoort		locality	11
3512	101837535	Hasselt		locality	6
3520	101838775	Zonhoven		locality	30
3530	101838955	Houthalen		locality	6
3530	101838967	Helchteren		locality	4
3530	101809391	Hechtel		locality	1
3540	101913599	Herk-de-Stad		locality	2302
3540	101838805	Halen		locality	11
3545	101838853	Zelem		locality	371
3545	101838805	Halen		locality	77
3550	1125774259	Heusden-Zolder		locality	11874
3550	101838819	Zolder		locality	22
3550	101838811	Heusden		locality	4
3550	101838767	Boekt		locality	1
3554	101809257	Geetbets		locality	3
3560	1125790855	Meldert		locality	995
3560	101838783	Lummen		locality	59
3560	101838857	Linkhout		locality	10
3570	101839697	Alken		locality	9
3580	101838849	Beringen		locality	2927
3580	101913587	Nieuwerkerken		locality	10
3581	101838849	Beringen		locality	2496
3581	101838831	Beverlo		locality	12
3581	101838829	Korspel		locality	1
3582	101838849	Beringen		locality	6324
3582	101838839	Koersel		locality	7
3582	101838833	Beringen-Mijn		locality	1
3583	101838849	Beringen		locality	4795
3583	1126009339	Paal		locality	2
3590	101838809	Diepenbeek		locality	197
3600	101854565	Genk		locality	206
3600	101837533	Waterschei		locality	1
3601	101838777	Zutendaal		locality	4
3620	101754295	Lanaken		locality	14
3620	101755279	Neerharen		locality	6
3620	101755273	Smeermaas		locality	1
3620;3621	101754295	Lanaken		locality	1
3621	101755277	Rekem		locality	86
3621	101754295	Lanaken		locality	2
3630	101837513	Maasmechelen		locality	128
3630;3631	101837513	Maasmechelen		locality	5
3630	1125961321	Meeswijk		locality	1
3631	101837513	Maasmechelen		locality	1
3640	101838945	Molenbeersel		locality	250
3640	101838947	Kinrooi		locality	46
3640	1125823641	Kessenich		locality	7
3650	101838949	Dilsen		locality	5
3650	101838959	Stokkem		locality	4
3650	101809401	Elen		locality	2
3650	101838971	Rotem		locality	2
3660	101838851	Opglabbeek		locality	131
3660	101854565	Genk		locality	1
3660	101838813	Nieuwe Kempen		locality	1
3665	101838769	As		locality	28
3665;3668	101838769	As		locality	1
3668	101838769	As		locality	4
3670	1125794545	Meeuwen-Gruitrode		locality	3849
3670	1125780941	Wijshagen		locality	3
3670	1125777939	Gruitrode		locality	1
3670	101809409	Meeuwen		locality	1
3670	1125790621	Neerglabbeek		locality	1
3680	101809407	Maeseyck		locality	43
3680	101838965	Neeroeteren		locality	12
3680	101810307	Opoeteren		locality	5
3690	101838777	Zutendaal		locality	89
3700	101838679	Tongeren		locality	3323
3700	101913611	Freeren		locality	1
3720	101838693	Kortessem		locality	3
3722	1125780951	Wintershoven		locality	1
3723	101838693	Kortessem		locality	4
3724	101838693	Kortessem		locality	1
3730	101838697	Hoeselt		locality	2
3732	1125791089	Schalkhoven		locality	1
3740	101837515	Bilzen		locality	52
3746	1125778093	Hoelbeek		locality	1
3770	101838687	Riemst		locality	421
3770	101913631	Kanne		locality	6
3770	1125811347	Membruggen		locality	1
3770	1125959575	Vroenhoven		locality	1
3770	1125850309	Zichen-Zussen-Bolder		locality	1
3790	1125769965	Sint-Martens-Voeren		locality	175
3790	101912969	Sint-Martens-Voeren		locality	2
3790 BE	1125781699	Moelingen		locality	1
3792	1125862257	Sint-Pieters-Voeren		locality	1
3793	1125862257	Sint-Pieters-Voeren		locality	101
3793	1126009941	Teuven		locality	1
3798	101810463	's-Gravenvoeren		locality	400
3798	1126007013	's-Gravenvoeren		locality	13
3800	1125811685	Sint-Truiden		locality	5176
3800	101913605	Sint-Truiden		locality	231
3800	101837521	Tienen		locality	49
3800	1125781055	Zepperen		locality	1
3806	101810561	Velm		locality	3
3806	101913605	Sint-Truiden		locality	2
3830	101838701	Wellen		locality	363
3840	101838691	Borgloon		locality	26
3840	1126012133	Jesseren		locality	1
3840	1125881177	Ryckel		locality	1
3850	101913575	Nieuwerkerken		locality	87
3850	1125791959	Wijer		locality	21
3850	1126017445	Binderveld		locality	4
3850	1126058447	Kozen		locality	3
3870	101810541	Heers		locality	3
3870	1125861227	Mettekoven		locality	2
3890	101810563	Gingelom		locality	3
3891	101810563	Gingelom		locality	1
3900	101838941	Overpelt		locality	5325
3900	101755537	Overijse		locality	1
3910	101838935	Neerpelt		locality	6353
3910	101838939	Sint-Huibrechts-Lille		locality	1
3920	101838937	Lommel		locality	11790
3924	1125766549	Molenstede		locality	2
3930	101838921	Hamont		locality	2989
3930	1126060509	Achel		locality	1
3940	101809391	Hechtel		locality	50
3941	101809405	Eksel		locality	35
3945	1125872719	Olmen		locality	36
3950	101809397	Bocholt		locality	4827
3950	101809393	Kaulille		locality	9
3950	1126005983	Lozen		locality	1
3950	1125769535	Reppel		locality	1
3960	101809399	Bree		locality	5785
3960	1125767659	Beek		locality	3
3960	101837535	Hasselt		locality	1
3960	1125777721	Gerdingen		locality	1
3960	101809403	Opitter		locality	1
3960	1126048795	Tongerlo		locality	1
3970	101837531	Leopoldsburg		locality	1920
3971	101837531	Leopoldsburg		locality	1309
3971	101838815	Heppen		locality	11
3980	101913533	Tessenderlo		locality	7389
3980	1125802695	Schoot		locality	1
3990	101809387	Peer		locality	5507
3990	1125794545	Meeuwen-Gruitrode		locality	1
3990	101809389	Wijchmaal		locality	1
4000	101748083	Liege		locality	8808
4000	1125779885	Rocourt		locality	107
4000	101839069	Sint-Lenaarts		locality	4
4000	101837569	St Nicolas		locality	1
4020	101748083	Liege		locality	4055
4020	1125778331	Jupille		locality	1
4030	101748083	Liege		locality	1100
4031	101748083	Liege		locality	316
4031	101755183	Beaufays		locality	5
4032	101748083	Liege		locality	61
4040	1125989783	Herstal		locality	4598
4040	101748083	Liege		locality	24
4041	1126001033	Vottem		locality	16
4041	1125931079	Milmort		locality	14
4041	1125989783	Herstal		locality	4
4042	101755187	Liers		locality	2
4050	101758521	Chaudfontaine		locality	5
4051	101758521	Chaudfontaine		locality	109
4051	1125990841	Vaux-sous-Chèvremont		locality	1
4052	101755183	Beaufays		locality	51
4052	101758521	Chaudfontaine		locality	3
4053	101758521	Chaudfontaine		locality	498
4057	1125784577	Limont		locality	1
4100	1125875013	Seraing		locality	268
4100	101755195	Boncelles		locality	76
4100	101748083	Liege		locality	1
4102	1125875013	Seraing		locality	67
4102	1126009655	Ougrée		locality	8
4102	101748083	Liege		locality	1
4110	101755207	Sprimont		locality	25
4110	1125778907	Louveigné		locality	15
4120	101810465	Neupré		locality	2
4121	101810465	Neupré		locality	489
4121	1125776587	Neuville-en-Condroz		locality	67
4122	1125953731	Plainevaux		locality	3
4130	101755199	Tilff		locality	169
4130	101755185	Esneux		locality	157
4140	101755207	Sprimont		locality	434
4140	1125823485	Dolembreux		locality	364
4140	101755185	Esneux		locality	19
4141	1125778907	Louveigné		locality	9
4160	101810373	Anthisnes		locality	5
4161	1125880427	Villers-aux-Tours		locality	5
4162	101810373	Anthisnes		locality	2
4163	101810373	Anthisnes		locality	150
4163LK	1126046895	Oosterwijk		locality	27
4163LJ	1126046895	Oosterwijk		locality	24
4163LH	1126046895	Oosterwijk		locality	19
4163LL	1126046895	Oosterwijk		locality	17
4163LG	1126046895	Oosterwijk		locality	9
4163LM	1126046895	Oosterwijk		locality	9
4170	101810375	Comblain		locality	28
4171	101810375	Comblain		locality	6
4171	101810471	Poulseur		locality	2
4180	101810355	Hamoir		locality	28
4190	101810381	Ferrières		locality	3
4190	1125950659	Werbomont		locality	3
4190	1125886413	Xhoris		locality	3
4190	1126009905	Vieuxville		locality	2
4210	1126043409	Oteppe		locality	2
4210	101810357	Burdinne		locality	1
4218	1125788723	Couthuin		locality	3
4218	101810359	Héron		locality	1
4219	101810449	Wasseiges		locality	7
4250	1125780321	St.-Servais		locality	1
4252	101810443	Geer		locality	1
4257	101808103	Berloz		locality	30
4260	101810461	Braives		locality	1
4260	1125841321	Fallais		locality	1
4261	1125819687	Latinne		locality	1
4280	101838639	Hannut		locality	48
4280	1125784561	Grand-Hallet		locality	16
4280	1125766415	Merdorp		locality	1
4280	101838637	Thisnes		locality	1
4287	101838737	Landen		locality	1
4300	101810435	Waremme		locality	9
4300	1125958709	Bovenistier		locality	1
4300	1125884499	Oleye		locality	1
4340	101755175	Awans		locality	5
4342	1125868147	Hognoul		locality	3
4342	101755175	Awans		locality	1
4347	101810445	Fexhe-le-Haut-Clocher		locality	8
4350	101810441	Remicourt		locality	2
4367	101810453	Crisnée		locality	1
4400	1125841333	Flémalle		locality	4
4420	101837569	St Nicolas		locality	141
4430	1126025949	Ans		locality	188
4432	1126025949	Ans		locality	1
4450	1125790597	Lantin		locality	2
4450	1125863857	Slins		locality	1
4458	1125871627	Fexhe-Slins		locality	37
4460	101755177	Bierset		locality	1
4470	101755171	Saint-Georges-sur-Meuse		locality	23
4480	101754255	Huy		locality	10
4480	101755039	Engis		locality	1
4500	101754255	Huy		locality	41
4500	101755043	Wanze		locality	1
4520	101755041	Antheit		locality	89
4520	1125958695	Vinalmont		locality	69
4520	101755043	Wanze		locality	59
4520	1126005187	Bas-Oha		locality	22
4520	1125776571	Moha		locality	14
4520	1125891267	Huccorgne		locality	7
4520	101754255	Huy		locality	3
4520	1125844901	Longpré		locality	1
4527	101808103	Berloz		locality	1
4530	101755045	Villers-le-Bouillet		locality	5
4530	1126005007	Warnant-Dreye		locality	3
4530	1126009625	Fize-Fontaine		locality	2
4537	1125925995	Chapon-Seraing		locality	7
4537	101810371	Verlaine		locality	6
4540	101754253	Amay		locality	173
4540	101810377	Nandrin		locality	2
4540	1126005149	Ampsin		locality	1
4550	101810377	Nandrin		locality	93
4550	1125863881	Villers-le-Temple		locality	2
4557	1125915371	Fraiture		locality	1
4560	101810379	Clavier		locality	6
4568AC	101839031	Nieuw-Namen		locality	35
4568PH	101839031	Nieuw-Namen		locality	29
4568AL	101839031	Nieuw-Namen		locality	23
4568AH	101839031	Nieuw-Namen		locality	17
4568PK	101839031	Nieuw-Namen		locality	16
4568BE	101839031	Nieuw-Namen		locality	11
4568BL	101839031	Nieuw-Namen		locality	10
4568BD	101839031	Nieuw-Namen		locality	9
4568AD	101839031	Nieuw-Namen		locality	4
4568PM	101839031	Nieuw-Namen		locality	4
4568AZ	101839031	Nieuw-Namen		locality	3
4568PL	101839031	Nieuw-Namen		locality	3
4568PJ	101839031	Nieuw-Namen		locality	1
4570	101810361	Marchin		locality	2
4570	1126029199	Vyle-et-Tharoul		locality	1
4577	101810363	Modave		locality	1
4581	101838849	Beringen		locality	5
4590	101810365	Ouffet		locality	3
4600	101754275	Wezet		locality	844
4600	1125900251	Richelle		locality	1
4601	101754275	Wezet		locality	1
4602	101754275	Wezet		locality	395
4607	101755191	Dalhem		locality	61
4607	1125991875	Bombaye		locality	7
4607	1125796883	Berneau		locality	4
4608	101755191	Dalhem		locality	205
4608	101808105	Weerst		locality	11
4608	1125796883	Berneau		locality	1
4621	1125900241	Retinne		locality	1
4630	101755181	Soumagne		locality	821
4631	1125946293	Évegnée		locality	1
4632	1126043929	Cerexhe-Heuseux		locality	15
4633	101755181	Soumagne		locality	1
4650	1125966059	Chaineux		locality	28
4650	101755145	Herve		locality	9
4651	101755145	Herve		locality	15
4651	101755139	Battice		locality	2
4652	1125833569	Xhendelesse		locality	157
4653	101755145	Herve		locality	10
4654	1125894889	Charneux		locality	1
4670	1125882493	Büllingen		locality	2
4670	101755173	Blegny		locality	1
4671	1125766331	Barchon		locality	68
4671	101755173	Blegny		locality	11
4671	1125858491	Saive		locality	2
4672	101755173	Blegny		locality	39
4680	1125880735	Hermée		locality	1627
4680	1125880039	Oupeye		locality	32
4680	1125989783	Herstal		locality	1
4681	1125811151	Hermalle-sous-Argenteau		locality	3
4682	1126000875	Heure-le-Romain		locality	7
4684	101755189	Haccourt		locality	7
4684	1125880039	Oupeye		locality	1
4690	1126017451	Boirs		locality	2
4690	1125985717	Roclenge-sur-Geer		locality	2
4690	101838647	Bassange		locality	1
4700	101754273	Eupen		locality	1346
4701	101754273	Eupen		locality	125
4701	101755137	Kettenis		locality	3
4710	101810419	Lontzen		locality	569
4711	101810419	Lontzen		locality	2
4711	1125992245	Walhorn		locality	1
4720	1125803767	La Calamine		locality	887
4720	101810419	Lontzen		locality	1
4721	1125803767	La Calamine		locality	566
4721	101755157	Kelmis		locality	1
4728	101755157	Kelmis		locality	589
4728	101755159	Hergenrath		locality	5
4730	101810423	Raeren		locality	906
4730	1125897229	Hauset		locality	6
4731	101810423	Raeren		locality	926
4731	1125840143	Eynatten		locality	6
4750	101810427	Bütgenbach		locality	17
4750	1126044005	Elsenborn		locality	3
4750	101810425	Weywertz		locality	2
4750	1126008789	Berg		locality	1
4760	1125882493	Büllingen		locality	7
4770	101811701	Amel		locality	164
4771	101811701	Amel		locality	1
4780	101811705	Sankt Vith		locality	319
4780	1125945649	St.-Vith		locality	137
4780	1125901795	Sankt Vith		locality	3
4782	1125830071	Schoenberg		locality	2
4783	1125901795	Sankt Vith		locality	2
4790	101811713	Reuland		locality	2
4790	1125855557	Ouren		locality	1
4792	1125830071	Schoenberg		locality	1
4800	101748081	Verviers		locality	1732
4800	1126047031	Petit-Rechain		locality	39
4800;4801;4802	101748081	Verviers		locality	1
4801	101748081	Verviers		locality	864
4802	101748081	Verviers		locality	586
4802	1125778099	Heusy		locality	5
4820	1125862265	Dison		locality	8
4820;4821	101755149	Andrimont		locality	1
4821	1125862265	Dison		locality	317
4821	101755149	Andrimont		locality	84
4830	101810433	Limbourg		locality	33
4831	101810433	Limbourg		locality	1
4834	101810433	Limbourg		locality	38
4834	1126053277	Goé		locality	19
4837	101755167	Baelen		locality	129
4840	101755135	Welkenraedt		locality	1372
4840	101810419	Lontzen		locality	3
4840;4841	1125842829	Henri-Chapelle		locality	1
4841	1125842829	Henri-Chapelle		locality	15
4841	101755135	Welkenraedt		locality	1
4845	101810431	Jalhay		locality	42
4845	101810415	Spa		locality	1
4845	1125929427	Solwaster		locality	1
4850	101755153	Plombières		locality	149
4850	1125811379	Montzen		locality	14
4850	1125884463	Moresnet		locality	1
4850;4851;4852	1125811379	Montzen		locality	1
4851	101755155	Gemmenich		locality	447
4851	101755153	Plombières		locality	1
4852	1125958961	Hombourg		locality	6
4860	1125792193	Wegnez		locality	59
4860	101755163	Pepinster		locality	17
4860;4861	101755163	Pepinster		locality	1
4870	1125915407	Fraipont		locality	27
4870	101755193	Trooz		locality	26
4870	1125908607	Nessonvaux		locality	1
4873	101755167	Baelen		locality	2
4877	101755165	Olne		locality	5
4880	101810429	Aubel		locality	308
4890	1125887875	Thimister-Clermont		locality	16
4890	1125778579	La Minerie		locality	12
4890	101755147	Thimister		locality	8
4890	1126009171	Clermont		locality	3
4890	1125862265	Dison		locality	2
4900	101810415	Spa		locality	16
4910	101755151	Theux		locality	253
4910	1125790493	La Reid		locality	2
4920	101755205	Aywaille		locality	184
4920	1125777513	Ernonheid		locality	7
4920	1125936903	Harzé		locality	4
4950	101811691	Waimes		locality	49
4950	1125933225	Ovifat		locality	3
4950	1126046841	Ondenval		locality	2
4950	1125793313	Robertville		locality	1
4950	1125969511	Sourbrodt		locality	1
4960	101810417	Malmedy		locality	39
4960	1126043747	Longfaye		locality	12
4970	101811697	Stavelot		locality	56
4970	1125776163	Hockai		locality	4
4970	1125811109	Coo		locality	3
4970	1125811051	Francorchamps		locality	3
4970	1125852251	Ster		locality	1
4980	1125889999	Trois-Ponts		locality	3
4987	101811437	Stoumont		locality	2
4987	1126025461	Rahier		locality	1
4990	101811709	Lierneux		locality	4
5000	101748077	Namur		locality	3067
5000	1125925941	Beez		locality	459
5000	1125908555	Belgrade		locality	1
5000	101811581	Ciney		locality	1
5001	1125908555	Belgrade		locality	1791
5001	1125780321	St.-Servais		locality	1
5002	1125780321	St.-Servais		locality	1230
5002	1126053539	St.-Marc		locality	14
5002	101748077	Namur		locality	3
5002	1126046643	Flawinne		locality	1
5003	1126053539	St.-Marc		locality	479
5003	101748077	Namur		locality	2
5004	1125995573	Bouge		locality	1430
5004	101748077	Namur		locality	5
5020	1125995645	Vedrin		locality	1136
5020	1125775969	Champion		locality	668
5020	1125995573	Bouge		locality	103
5020	1126029227	Malonne		locality	54
5020	1125779547	Suarlée		locality	13
5020	1126013519	Temploux		locality	9
5020	101748077	Namur		locality	7
5020	1126046643	Flawinne		locality	4
5020	101810399	Rhisnes		locality	1
5020	101755111	Spy		locality	1
5021	1126048781	Boninne		locality	390
5024	1126046681	Gelbressée		locality	1
5030	101838635	Jembloux		locality	345
5030	101839759	Sauvenière		locality	33
5030	1125930963	Beuzet		locality	6
5030	1125777541	Ernage		locality	1
5031	101810397	Grand-Leez		locality	1
5032	1126000507	Corroy-le-Château		locality	23
5032	1126012033	Isnes		locality	11
5032	101838635	Jembloux		locality	3
5032	1126046793	Mazy		locality	2
5032	1125769303	Bothey		locality	1
5060	101755099	Arsimont		locality	318
5060	101755087	Tamines		locality	4
5060	101755105	Falisolle		locality	3
5060	101755085	Auvelais		locality	1
5070	1126016841	Fosses-la-Ville		locality	6
5070	1126022703	Sart-Saint-Laurent		locality	1
5070	1125979401	Vitrival		locality	1
5080	101810399	Rhisnes		locality	24
5080	1126000633	Warisoulx		locality	8
5080	1125934051	Émines		locality	1
5080	1126018893	La Bruyère		locality	1
5081	1125777215	Bovesse		locality	85
5081	1126031495	Meux		locality	21
5081	1126018893	La Bruyère		locality	3
5081	101810399	Rhisnes		locality	2
5100	101748077	Namur		locality	3811
5100	1125882295	Naninne		locality	417
5100	1125779389	Dave		locality	415
5100	1125985821	Wépion		locality	52
5100	1125796229	Wierde		locality	6
5100	1125776487	Erpent		locality	1
5100	1126029227	Malonne		locality	1
5100	101755109	Profondeville		locality	1
5101	1125776487	Erpent		locality	771
5101	1125868845	Loyers		locality	2
5101	1125904683	Lives-sur-Meuse		locality	1
5140	101839767	Sombreffe		locality	84
5140	1126037351	Tongrinne		locality	3
5150	101755103	Floreffe		locality	9
5150	1126009219	Franière		locality	2
5170	101755109	Profondeville		locality	7
5170	1125875419	Bois-de-Villers		locality	4
5170	1126058891	Lustin		locality	2
5170	1125965521	Rivière		locality	1
5190	1125990809	Mornimont		locality	2
5190	1125987599	Spy		locality	1
5300	101754269	Andenne		locality	14
5300	1125929409	Seilles		locality	3
5300	1126009023	Vezin		locality	1
5310	1125779417	Noville-sur-Mehaigne		locality	6
5310	101839765	Éghezée		locality	5
5310	101839757	Leuze		locality	5
5310	1125998093	Aische-en-Refail		locality	3
5310	1126021517	Bolinne		locality	1
5310	1126016875	Liernu		locality	1
5310	1125992891	Waret-la-Chaussée		locality	1
5330	101810407	Assesse		locality	26
5330	1126008951	Sart-Bernard		locality	3
5330	101755005	Godinne		locality	1
5330	1125859935	Maillen		locality	1
5332	1125978059	Crupet		locality	14
5340	101810401	Gesves		locality	11
5340	1126046651	Faulx-Les Tombes		locality	2
5340	1125787241	Mozet		locality	1
5340	1126018147	Strud		locality	1
5350	101810391	Ohey		locality	41
5350	1125896443	Évelette		locality	1
5351	1125784909	Haillot		locality	3
5351	101810391	Ohey		locality	1
5360	1125810129	Natoye		locality	3
5364	1125948707	Schaltin		locality	1
5370	101810351	Havelange		locality	1
5374	1125861137	Maffe		locality	1
5377	1125782637	Baillonville		locality	2
5377	1125800273	Noiseux		locality	2
5380	1126009181	Cortil-Wodon		locality	4
5380	1126053263	Forville		locality	4
5380	1125907419	Marchovelette		locality	4
5380	1125813309	Hingeon		locality	3
5500	101811605	Dinant		locality	40
5500	1125963013	Anseremme		locality	1
5500	1125831137	Bouvignes-sur-Meuse		locality	1
5530	1125779511	Spontin		locality	156
5530	1126014087	Durnal		locality	82
5530	1126057637	Dorinne		locality	2
5530	101755007	Yvoir		locality	2
5530	1126016583	Évrehailles		locality	1
5530	101748079	Mons		locality	1
5532	1125978059	Crupet		locality	1
5537	101755009	Anhée		locality	3
5537	1125862835	Denée		locality	2
5537	1126046777	Maredret		locality	1
5537	1125973731	Sosoye		locality	1
5540	1125848485	Waulsort		locality	2
5540	101838633	Hastière-Lavaux		locality	1
5550	101812853	Vresse-sur-Semois		locality	2
5550	1125829141	Bohan sur Semois		locality	1
5550	1126046697	Laforêt		locality	1
5550	1126047239	Membre		locality	1
5555	101811619	Bièvre		locality	2
5555	1125777605	Fays		locality	1
5560	101810353	Houyet		locality	1
5561	1125960199	Celles		locality	1
5562	101810353	Houyet		locality	1
5563	1125908791	Hour		locality	1
5564	1125858631	Wanlin		locality	1
5570	101811595	Beauraing		locality	14
5570	101811601	Winenne		locality	3
5570	1126043697	Dion		locality	1
5574	1125875157	Pondrôme		locality	1
5575	101811615	Gedinne		locality	22
5575	1125975749	Vencimont		locality	7
5575	1125779631	Patignies		locality	4
5575	1126016637	Malvoisin		locality	2
5575	1125793207	Rienne		locality	2
5575	1125778181	Houdremont		locality	1
5575	1125766403	Louette-Saint-Pierre		locality	1
5575	1125773191	Custinne		locality	1
5575	1126047391	Willerzie		locality	1
5580	101839739	Rochefort		locality	9
5580	1126009239	Han-sur-Lesse		locality	8
5580	1125961903	Villers-sur-Lesse		locality	1
5590	1125899471	Haversin		locality	182
5590	101811581	Ciney		locality	28
5590	1125796205	Braibant		locality	24
5590	1126058443	Achêne		locality	6
5590	1126004801	Chevetogne		locality	1
5600	101811571	Phillippeville		locality	5
5620	101811563	Florennes		locality	1
5630	101811539	Cerfontaine		locality	4
5640	1125874819	Saint-Gérard		locality	1
5640	101811687	Mettet		locality	1
5650	101811567	Walcourt		locality	4
5650	1125777639	Fontenelle		locality	2
5651	1125799503	Berzée		locality	1
5651	1126021589	Rognée		locality	1
5660	1126009661	Pesche		locality	3
5660	1125902471	Mariembourg		locality	3
5660	101811577	Couvin		locality	2
5660	101811571	Phillippeville		locality	2
5670	101811551	Nismes		locality	6
5670	1126010659	Treignes		locality	6
5670	1126008249	Mazée		locality	2
5680	1125880923	Romerée		locality	2
5680	101811543	Doische		locality	1
5680	1125880935	Vodelée		locality	1
6000	101748075	Charleroi		locality	45
6001	1125891277	Marcinelle		locality	52
6001	101748075	Charleroi		locality	2
6010	1126059125	Couillet		locality	7
6010	101748075	Charleroi		locality	1
6020	1126017595	Dampremy		locality	8
6030	1125947829	Marchienne-au-Pont		locality	16
6030	1125796515	Goutroux		locality	8
6031	1125796621	Monceau-sur-Sambre		locality	8
6031	101748075	Charleroi		locality	3
6032	1125875299	Mont-sur-Marchienne		locality	196
6032	101748075	Charleroi		locality	8
6040	1125776159	Jumet		locality	13
6040	101748075	Charleroi		locality	2
6041	101754263	Cosselies		locality	92
6041	101748075	Charleroi		locality	4
6042	1125776537	Lodelinsart		locality	7
6042	101748075	Charleroi		locality	1
6043	101748075	Charleroi		locality	2
6043	101755051	Ransart		locality	2
6044	1125811567	Roux		locality	5
6060	1125995593	Gilly		locality	18
6061	1125929351	Montignies-sur-Sambre		locality	8
6061	101748075	Charleroi		locality	2
6067	101812837	Arlon		locality	27
6110	101755061	Montigny-le-Tilleul		locality	270
6120	1125893141	Nalinnes		locality	23
6120	101755027	Ham-sur-Heure		locality	18
6120	1126046765	Jamioulx		locality	5
6120	1125954929	Beignée		locality	1
6140	101754257	Fontaine-l'Évêque		locality	19
6141	101755057	Forchies-la-Marche		locality	3
6142	1125790611	Leernes		locality	3
6150	101755033	Anderlues		locality	3
6180	1125960227	Courcelles		locality	10
6181	101810383	Gouy-lez-Piéton		locality	11
6183	101754267	Trazegnies		locality	5
6200	1125986903	Châtelineau		locality	9
6200	1125984521	Châtelet		locality	7
6210	101810387	Frasnes-lez-Gosselies		locality	3
6211	101810389	Mellet		locality	1
6220	101754259	Fleurus		locality	10
6220	1125778615	Lambusart		locality	1
6230	101839753	Pont-à-Celles		locality	10
6230	1126059131	Viesville		locality	1
6230;6238	1125950287	Liberchies		locality	1
6238	101839755	Luttre		locality	208
6240	1126036295	Farciennes		locality	6
6280	101755065	Gerpinnes		locality	3
6280	1125861891	Joncret		locality	1
6341PC	1126035473	Walem		locality	23
6342PA	1126035473	Walem		locality	203
6440	101811567	Walcourt		locality	1
6440	1126046877	Vergnies		locality	1
6460	101811683	Chimay		locality	10
6470	101811667	Sivry		locality	1
6530	101839749	Thuin		locality	11
6530	1125890421	Leers-et-Fosteau		locality	1
6532	1125887993	Ragnies		locality	1
6534	1126031275	Gozée		locality	5
6534	101839749	Thuin		locality	1
6536	101811671	Thuillies		locality	5
6540	101840819	Lobbes		locality	12
6542	1125830271	Sars-la-Buissière		locality	11
6560	101755133	Wihéries		locality	11
6560	101840555	Erquelinnes		locality	5
6567	101811665	Merbes-le-Château		locality	8
6567	1125877709	Labuissière		locality	3
6567	1125776503	Fontaine-Valmont		locality	1
6596	1126006295	Seloignes		locality	1
6600	101811509	Bastogne		locality	22
6600	101811521	Houffalize		locality	1
6600	1125796633	Noville		locality	1
6630	101845551	Martelange		locality	629
6637	1126048807	Tintange		locality	76
6637	101812849	Fauvillers		locality	1
6640	101811535	Vaux-sur-Sûre		locality	136
6640	1126058523	Sibret		locality	31
6640	1126016609	Hompré		locality	24
6642	101811535	Vaux-sur-Sûre		locality	4
6660	101811521	Houffalize		locality	6
6660	1125811405	Nadrin		locality	5
6661	101811521	Houffalize		locality	18
6663	1126038729	Engreux		locality	1
6663	101811521	Houffalize		locality	1
6666	101811521	Houffalize		locality	2
6670	101811531	Gouvy		locality	86
6670	1126017601	Steinbach		locality	1
6671	101811531	Gouvy		locality	1
6674	101811531	Gouvy		locality	4
6680	101811511	Amberloup		locality	1
6680	1125860167	Sainte-Ode		locality	1
6686	101811525	Bertogne		locality	64
6686	1125776719	Roumont		locality	1
6687	101811525	Bertogne		locality	1
6690	101811515	Vielsalm		locality	70
6698	1125863803	Grand-Halleux		locality	1
6698	101811515	Vielsalm		locality	1
6700	101812837	Arlon		locality	4634
6700	1125849559	Bonnert		locality	65
6700	1126007025	Weyler		locality	30
6700	101812839	Attert		locality	12
6700	1125886197	Stockem		locality	3
6700	1125881179	Heinsch		locality	1
6700	1126003133	Toernich		locality	1
6700;6704;6706	101812837	Arlon		locality	1
6706	101812837	Arlon		locality	217
6717	1126031491	Metzert		locality	45
6717	101812839	Attert		locality	18
6717	1125890467	Post		locality	10
6717	1125999595	Heinstert		locality	2
6717	1125880089	Nobressart		locality	1
6720	101812829	Habay-la-Neuve		locality	1094
6720	1125977227	Hachy		locality	4
6720	1125871727	Habay-la-Vieille		locality	1
6721	1125832159	Anlier		locality	2
6723	1125871727	Habay-la-Vieille		locality	402
6724	101812829	Habay-la-Neuve		locality	69
6730	1125791137	Breuvanne		locality	8
6730	101812835	Tintigny		locality	8
6730	1125776705	Rossignol		locality	4
6740	101812817	Étalle		locality	353
6740	1126001449	Étalle		locality	11
6741	1125929447	Vance		locality	8
6741	101812817	Étalle		locality	1
6743	1125977189	Buzenol		locality	134
6747	101812819	Saint-Léger		locality	23
6750	101839731	Musson		locality	5
6760	101812823	Ethe		locality	6
6760	101812825	Wirten		locality	6
6760	1126009157	Bleid		locality	1
6761	101812825	Wirten		locality	1
6767	1125844613	Torgny		locality	4
6767	1125946797	Harnoncourt		locality	2
6767	1126050085	Rouvroy		locality	1
6767	101812825	Wirten		locality	1
6769	101812821	Meix-devant-Virton		locality	5
6780	101839733	Messancy		locality	16
6780	1126005521	Hondelange		locality	3
6781	1125791161	Sélange		locality	1
6790	101913629	Aubange		locality	16
6790	101839733	Messancy		locality	1
6791	101838631	Athus		locality	7
6791	101913629	Aubange		locality	5
6792	101839735	Halanzy		locality	1
6800	101811503	Libramont		locality	12
6800	1125803021	Recogne		locality	1
6810	1125880841	Izel		locality	24
6810	101812827	Chiny		locality	3
6810	1126015483	Jamoigne		locality	3
6811	1125811247	Les Bulles		locality	1
6812	1125897983	Suxy		locality	184
6813	1125897983	Suxy		locality	1
6820	101812831	Florenville		locality	3
6820	1125948759	Muno		locality	1
6821	1126022293	Lacuisine		locality	2
6824	1125998749	Chassepierre		locality	1
6830	101845553	Bouillon		locality	9
6830	1126019897	Rochehaut		locality	1
6832	101845553	Bouillon		locality	1
6840	101812843	Neufchâteau		locality	33
6840	101748079	Mons		locality	32
6850	101811507	Paliseul		locality	2
6860	1125790715	Les Fossés		locality	176
6860	101812845	Léglise		locality	71
6860	1125777039	Behême		locality	52
6870	101811493	Saint-Hubert		locality	30
6880	101812841	Bertrix		locality	3
6887	101812847	Herbeumont		locality	4
6890	101811495	Libin		locality	4
6890	1125769823	Redu		locality	3
6890	1125844049	Villance		locality	1
6900	101811649	Marche		locality	42
6900	1125840559	Aye		locality	24
6900	101811651	Marloie		locality	9
6900	1125916185	Hargimont		locality	1
6900	1126053485	Roy		locality	1
6920	101811485	Wellin		locality	6
6921	1126053245	Chanly		locality	1
6927	101811489	Tellin		locality	9
6929	1125777605	Fays		locality	5
6929	1126036329	Daverdisse		locality	4
6940	101839741	Durbuy		locality	22
6940	101839745	Barvaux-sur-Ourthe		locality	1
6940	1125803729	Wéris		locality	1
6941	1125960743	Heyd		locality	18
6941	1125779581	Tohogne		locality	3
6941	101839741	Durbuy		locality	2
6941	1125962439	Izier		locality	1
6950	101811643	Nassogne		locality	11
6953	1125969717	Forrières		locality	4
6953	1125862577	Masbourg		locality	1
6960	101811631	Manhay		locality	3
6960	101912965	Champ-de-harre		locality	1
6960	1126009911	Dochamps		locality	1
6960	1125832467	Harre		locality	1
6960	1125780565	Vaux-Chavanne		locality	1
6970	101811647	Tenneville		locality	7
6971	1125777279	Champlon		locality	3
6971	1125778341	Journal		locality	3
6980	101811653	Laroche		locality	9
6980	1125895127	Beausaint		locality	1
6980	1125857291	Maboge		locality	1
6982	1126004631	Bérismenil		locality	4
6982	101811653	Laroche		locality	3
6983	1126058903	Ortho		locality	2
6987	1125995773	Rendeux		locality	6
6990	101811639	Hotton		locality	5
6990	1125951509	Hampteau		locality	1
6997	1125858683	Soy		locality	104
6997	1125829127	Biron		locality	18
6997	101811635	Érezée		locality	3
6997	1125877043	Amonines		locality	2
7000	101748079	Mons		locality	339
7010	101748079	Mons		locality	1
7011	1125872653	Ghlin		locality	23
7012	1125881465	Jemappes		locality	5
7020	101748079	Mons		locality	44
7020	1125796215	Maisières		locality	13
7020	1125799539	Nimy		locality	5
7021	101755117	Havré		locality	8
7022	1125776071	Hyon		locality	35
7022	1125801555	Mesvin		locality	3
7030	101755121	Saint-Symphorien		locality	6
7033	1125899971	Cuesmes		locality	42
7034	101755127	Obourg		locality	1
7040	1125956543	Quévy-le-Grand		locality	1
7050	1125890927	Erbisœul		locality	49
7050	101755129	Jublicehainaut		locality	30
7050	1126031485	Herchies		locality	2
7060	101810477	Soignies		locality	215
7061	1125895155	Casteau		locality	1
7062	101810481	Naast		locality	1
7063	1125874009	Neufvilles		locality	3
7070	101755221	Le Rœulx		locality	4
7070	1126031593	Mignault		locality	1
7080	1126049755	Frameries		locality	40
7080	1125778571	La Bouverie		locality	3
7090	101810473	Braine-le-Comte		locality	35
7090	1125830081	Ronquières		locality	3
7090	1125808949	Hennuyères		locality	1
7100	101751569	La Louvière		locality	14
7100	1125861873	Haine-Saint-Paul		locality	4
7100	1126020345	Haine-Saint-Pierre		locality	2
7100	1125852083	Houdeng-Gœgnies		locality	1
7100;7110	101751569	La Louvière		locality	1
7110	101755211	Maurage		locality	4
7110	1126000879	Houdeng-Aimeries		locality	3
7110	1125852083	Houdeng-Gœgnies		locality	2
7110	1125861873	Haine-Saint-Paul		locality	1
7110	101751569	La Louvière		locality	1
7130	101755013	Binche		locality	30
7130;7131;7133;7134	101755013	Binche		locality	2
7130 Binche	101755013	Binche		locality	1
7131	1125802735	Waudrez		locality	5
7133	101755013	Binche		locality	1
7133	1125769607	Buvrinnes		locality	1
7134	101755013	Binche		locality	2
7134	101755015	Péronnes-lez-Binche		locality	2
7135	101755013	Binche		locality	1
7140	101755011	Morlanwelz		locality	9
7141	101755019	Carnières		locality	3
7141	101755011	Morlanwelz		locality	1
7160	101754265	Chapelle-lez-Herlaimont		locality	3
7160	101755075	Godarville		locality	1
7170	101755073	Manage		locality	7
7170	1126005557	Fayt-lez-Manage		locality	2
7180	101755067	Seneffe		locality	9
7181	1125933585	Feluy		locality	2
7181	101755067	Seneffe		locality	1
7190	101810479	Écaussinnes		locality	1
7191	101810479	Écaussinnes		locality	1
7300	1126041065	Boussu		locality	12
7300;7301	1126001451	Hornu		locality	3
7301	1126001451	Hornu		locality	4
7320	101839787	Bernissart		locality	1
7321	101810523	Harchies		locality	7
7321	101839787	Bernissart		locality	1
7322	1125799619	Ville-Pommerœul		locality	1
7330	1126016587	Saint-Ghislain		locality	5
7331	101755123	Baudour		locality	6
7331	1125872653	Ghlin		locality	1
7332	101755131	Sirault		locality	1
7340	1125808769	Wasmes		locality	4
7350	101755119	Thulin		locality	5
7350	101839771	Hensies		locality	2
7370	101754271	Dour		locality	39
7380	101839775	Quiévrain		locality	2
7387	1126031245	Montignies-sur-Roc		locality	7
7387	1125777527	Erquennes		locality	1
7390	1125940237	Quaregnon		locality	6
7390	1126041065	Boussu		locality	2
7500	101838673	Tournai		locality	364
7504	101838673	Tournai		locality	1
7520	1126047059	Ramegnies-Chin		locality	1
7530	101811443	Gaurain-Ramecroix		locality	2
7531	1125776141	Havinnes		locality	14
7540	1126006325	Kain		locality	61
7540	101838673	Tournai		locality	2
7542	1125891287	Mont-Saint-Aubert		locality	1
7600	101838675	Péruwelz		locality	12
7603	101839795	Bon-Secours		locality	4
7608	101838675	Péruwelz		locality	1
7610	101810535	Rumes		locality	1
7618	1126008275	Taintignies		locality	8
7620	1125866035	Hollain		locality	2
7620	101839793	Antoing		locality	1
7620	1125992271	Wez-Velvain		locality	1
7623	1126053403	Rongy		locality	1
7640	101839793	Antoing		locality	4
7640	1125788711	Maubray		locality	3
7700	101754289	Mouscron		locality	48
7700;7711;7712	101754289	Mouscron		locality	2
7700	1126058889	Luingne		locality	1
7712	101754293	Herseaux		locality	1
7730	101755267	Estaimpuis		locality	2
7740	101838669	Pecq		locality	1
7740	1125897841	Warcoing		locality	1
7750	1125776935	Anserœul		locality	3
7760	101810537	Celles		locality	3
7780	101809227	Warneton		locality	1
7781	101809227	Warneton		locality	1
7781	1125906699	Houthem		locality	1
7782	1125810757	Ploegsteert		locality	10
7782	101809227	Warneton		locality	1
7784	101809227	Warneton		locality	1
7800	101838665	Ath		locality	65
7800	101839785	Maffle		locality	2
7800	1125842663	Houtaing		locality	1
7800;7801;7802;7803;7804;7810;7811;7812;7822;7823	101838665	Ath		locality	1
7810	101839785	Maffle		locality	2
7812	1125890445	Ligne		locality	1
7822	1125968171	Ghislenghien		locality	5
7822	1125998099	Meslin-l'Évêque		locality	1
7830	101808109	Opzullik		locality	6
7830	1125766387	Hoves		locality	2
7850	101838653	Enghien		locality	11
7850	101809337	Wynghene		locality	5
7850	1125844055	Petit-Enghien		locality	1
7860	101838649	Lessen		locality	1
7864	1125790761	Deux-Acren		locality	4
7866	1125906727	Ollignies		locality	2
7870	1126010301	Bauffe		locality	1
7870	101810411	Lens		locality	1
7880	101810521	Flobecq		locality	28
7890	101838661	Ellezelles		locality	20
7900	101810531	Leuze		locality	26
7904	1126026487	Pipaix		locality	2
7904	1126042971	Tourpes		locality	1
7910	101811441	Frasnes-lez-Buissenal		locality	3
7910	1125871671	Forest		locality	1
7910	1125809787	Forêt		locality	1
7911	101811441	Frasnes-lez-Buissenal		locality	8
7911	1126009275	Montrœul-au-Bois		locality	8
7911	1125802633	Moustier		locality	1
7912	101810517	Saint-Sauveur		locality	1
7940	1125884555	Cambron-Casteau		locality	52
7942	101810411	Lens		locality	1
7950	101839789	Chièvres		locality	6
7970	101810519	Beloeil		locality	2
7971	101810525	Basècles		locality	1
7971	1125886835	Thumaide		locality	1
7972	1125779745	Quevaucamps		locality	4
7972	1125947479	Aubechies		locality	1
7973	101810527	Stambruges		locality	1
8000	101748097	Bruges		locality	8684
8000	101755735	Koolkerke		locality	49
8000	1126040231	Sint-Andries		locality	1
8000	1125954127	Sint-Kruis		locality	1
8020	101755749	Oostcamp		locality	359
8020	101810311	Ruddervoorde		locality	18
8020	1126043989	Waardamme		locality	12
8020	1125822365	Hertsberge		locality	9
8020	1126038129	Sint-Michiels		locality	2
8200	1126040231	Sint-Andries		locality	7037
8200	1126038129	Sint-Michiels		locality	4550
8200	101748097	Bruges		locality	11
8210	101809445	Zedelghem		locality	20
8210	101839045	Loppem		locality	8
8211	101809447	Aartrijke		locality	14
8211	101809445	Zedelghem		locality	2
8300	1125953875	Heist-aan-Zee		locality	65
8300	101837575	Knokke-Heist		locality	8
8300	101837579	Westkapelle		locality	1
8301	101837575	Knokke-Heist		locality	7
8301	1125823691	Ramskapelle		locality	1
8310	101748097	Bruges		locality	56
8310	1125954127	Sint-Kruis		locality	42
8340	101808127	Sijsele		locality	100
8340	101809439	Damme		locality	39
8340	101809441	Moerkerke		locality	5
8340	1126009311	Oostkerke		locality	5
8340	101748097	Bruges		locality	1
8370	101808125	Blankenberghe		locality	24
8377	101809437	Zuienkerke		locality	5
8380	101837577	Zeebrugge		locality	14
8380	1125852049	Dudzele		locality	8
8398	101751569	La Louvière		locality	1
8400	101748095	Ostend		locality	1838
8400	1125779537	Stene		locality	10
8420	101809433	Den Haan		locality	40
8420	101808121	Wenduine		locality	6
8420;8421	101809433	Den Haan		locality	1
8421	101809433	Den Haan		locality	3
8430	101755727	Middelkerke Bains		locality	27
8431	101755727	Middelkerke Bains		locality	1
8432	101808123	Leffinge		locality	2
8432	101755727	Middelkerke Bains		locality	1
8433	1125906257	Slijpe		locality	1
8434	101755731	Westende		locality	33
8434	101755733	Lombardsijde		locality	3
8434	101755727	Middelkerke Bains		locality	1
8450	101754393	Bredene		locality	54
8460	101754395	Oudenburg		locality	930
8460	101839033	Westkerke		locality	204
8470	101839035	Gistel		locality	329
8470	1125951647	Moere		locality	83
8470	101754395	Oudenburg		locality	44
8470	1125818939	Zevekote		locality	2
8480	101839039	Ichteghem		locality	10
8480	101810309	Eernegem		locality	8
8490	101755743	Varsenare		locality	1535
8490	101755745	Jabbeke		locality	6
8490	1126025479	Stalhille		locality	1
8500	101748085	Kortrijk		locality	197
8500	1125771171	Kuurne		locality	2
8501	101748085	Kortrijk		locality	161
8501	1125882897	Heule		locality	4
8501	1125802465	Bissegem		locality	3
8510	101748085	Kortrijk		locality	92
8510	101755307	Marke		locality	84
8510	1125776183	Kooigem		locality	6
8510	101809229	Bellegem		locality	5
8510	101809237	Rollegem		locality	2
8510	1125882897	Heule		locality	1
8511	101748085	Kortrijk		locality	9
8511	101755293	Aalbeke		locality	7
8520	1125771171	Kuurne		locality	30
8520	101754305	Meenen		locality	1
8530	1125984923	Harelbeke		locality	19
8531	1126059049	Bavikhove		locality	1
8531	101755315	Hulste		locality	1
8540	101755289	Sint-Lodewijk		locality	20
8540	101754301	Deerlyck		locality	17
8550	101754303	Sweveghem		locality	6
8550;8551;8552;8553;8554	101754303	Sweveghem		locality	1
8552	101754303	Sweveghem		locality	7
8552	101838707	Moen		locality	5
8552	101838703	Heestert		locality	1
8554	101810543	Sint-Denijs		locality	3
8560	101755303	Wevelgem		locality	45
8560	101755317	Gullegem		locality	5
8570;8572;8573	1126042909	Ingooigem		locality	25
8570;8572;8573	101755319	Anseghem		locality	21
8570	101755313	Vichte		locality	5
8570	1126042909	Ingooigem		locality	4
8570	101755319	Anseghem		locality	3
8570	1125778397	Kaster		locality	3
8570	1125925941	Beez		locality	1
8570;8572;8573	1125778397	Kaster		locality	1
8573	1126058907	Tiegem		locality	8
8580	101838705	Avelghem		locality	6
8580;8581;8582;8583	101754303	Sweveghem		locality	1
8581	101838705	Avelghem		locality	1
8581	1125842165	Kerkhove		locality	1
8584	101810543	Sint-Denijs		locality	5
8587	1125797675	Helkijn		locality	2
8600	1126043911	Beerst		locality	446
8600	101808113	Dixmuide		locality	64
8600	1125778411	Keiem		locality	15
8600	1126058883	Esen		locality	12
8600	1126059059	Pervijze		locality	9
8600	1125796531	Kaaskerke		locality	2
8610	101838873	Kortemark		locality	6
8610	1125987521	Werken		locality	6
8610	1125973001	Edewalle		locality	1
8620	101754385	Nieuport		locality	25
8630	1126030085	Houtem		locality	122
8630	101837557	Veurne		locality	9
8640	101809279	Oostvleteren		locality	5
8640	1126059135	Woesten		locality	4
8647	101809351	Lo		locality	1
8660	101837555	Panne		locality	40
8660	101809385	Adinkerke		locality	6
8670	101838919	Coxyde		locality	157
8670	1126047631	Saint-Idesbald		locality	11
8670	101838911	Oostduinkerke-Bad		locality	4
8670	101838913	Oostduinkerke		locality	1
8680	101809357	Koekelare		locality	21
8690	1125799345	Alveringem		locality	11
8691	1126047309	Stavele		locality	14
8691	1125799345	Alveringem		locality	1
8700	101809317	Thielt		locality	108
8700	101809327	Aerseele		locality	7
8710	101755619	Ooigem		locality	88
8710	101755617	Wielsbeke		locality	28
8710	1125870197	Sint-Baafs-Vijve		locality	12
8710	101755615	Oostroozebeke		locality	1
8720	101809339	Dentergem		locality	21
8720	1125928363	Markegem		locality	15
8720	101809333	Wakken		locality	2
8730	101839043	Beernem		locality	20
8730	101809443	Oedelem		locality	2
8730	1125824035	Sint-Joris		locality	1
8740	101809329	Pittem		locality	115
8740	101839035	Gistel		locality	5
8750	101809321	Zwevezele		locality	804
8750	101809337	Wynghene		locality	34
8755	101809319	Ruiselede		locality	34
8760	101809335	Meulebeke		locality	2180
8760	101809293	Hooglede		locality	36
8770	101755563	Ingelmunster		locality	17
8780	101755615	Oostroozebeke		locality	10
8790	101754299	Waregem		locality	14
8790;8791;8792;8793	101754299	Waregem		locality	2
8790	101755285	Nieuwenhove		locality	1
8792	101755299	Desselgem		locality	4
8793	101755295	Sint-Eloois-Vijve		locality	19
8793	101754299	Waregem		locality	1
8800	101754345	Roeselare		locality	149
8800	101837521	Tienen		locality	2
8800	101755559	Rumbeke		locality	1
8810	101809295	Lichtervelde		locality	129
8820	101837587	Torhout		locality	77
8830	101809293	Hooglede		locality	355
8830	101755555	Gits		locality	1
8840	101809301	Oostnieuwkerke		locality	3
8850	101809331	Ardoye		locality	41
8851	101809331	Ardoye		locality	310
8860	101755297	Lendelede		locality	117
8860	101837555	Panne		locality	2
8870	101754347	Izegem		locality	131
8870	1126000451	Emelgem		locality	1
8880	101755569	Ledegem		locality	7
8890	101809297	Dadizele		locality	12
8890	101838863	Moorslede		locality	2
8890	101838757	Wervik		locality	1
8900	101837525	Ypres		locality	175
8900	101809261	Dickebusch		locality	1
8902	101837525	Ypres		locality	2
8902	1125766667	Zillebeke		locality	1
8904	101838761	Boesinghe		locality	1
8908	101809273	Vlamertinghe		locality	28
8920	101809267	Langemark		locality	31
8920	1126043837	Langemark-Poelkapelle		locality	21
8920	1126004281	Merelbeke		locality	1
8930	101754305	Meenen		locality	326
8930	101755311	Lauwe		locality	89
8930	101755291	Rekkem		locality	2
8930	101748085	Kortrijk		locality	1
8940	101838757	Wervik		locality	88
8940	101809271	Geluwe		locality	42
8950	1126033985	Heuvelland		locality	38
8953	1125776381	Wijtschate		locality	8
8954	1125879789	Westouter		locality	2
8954	1126033985	Heuvelland		locality	1
8956	101809275	Kemmel		locality	1
8957	101809281	Mesen		locality	1
8970	101838613	Poperinge		locality	573
8970	1125834945	Watou		locality	1
8970;8972;8978	101838613	Poperinge		locality	1
8972	101838613	Poperinge		locality	1
8978	101838613	Poperinge		locality	70
8978	1125834945	Watou		locality	8
8978	101854563	Abele		locality	1
8980	101809277	Beselare		locality	59
8980	101838763	Zonnebeke		locality	10
8980	1126029229	Geluveld		locality	4
9000	101748093	Ghent		locality	11786
9000	101755495	Ledeberg		locality	5
9000	101754309	Aalst		locality	1
9000	101748099	Antwerp		locality	1
9000	1125925941	Beez		locality	1
9030	1125821193	Mariakerke		locality	25
9030	101748093	Ghent		locality	2
9030	1125984923	Harelbeke		locality	1
9031	101754377	Drongen		locality	5
9031	101748093	Ghent		locality	1
9040	101748093	Ghent		locality	15
9040	1125961519	Oostakker		locality	1
9041	1125961519	Oostakker		locality	29
9041	101748093	Ghent		locality	4
9042	101748093	Ghent		locality	2
9050	101755495	Ledeberg		locality	76
9050	101748093	Ghent		locality	11
9051	101755699	Sint-Denijs-Westrem		locality	19
9051	101748093	Ghent		locality	4
9052	101755681	Zwijnaarde		locality	31
9052	101748093	Ghent		locality	4
9060	101758547	Selzaet		locality	8
9070	101755715	Destelbergen		locality	21
9070	101755695	Heusden		locality	3
9080	101755711	Lochristi		locality	45
9080	1125961519	Oostakker		locality	2
9080	101755713	Beervelde		locality	1
9090	1125926165	Melle		locality	18
9090	1125777841	Gontrode		locality	1
9100	101837569	St Nicolas		locality	351
9100	101839003	Nieuwkerken-Waes		locality	10
9111	101839017	Belsele		locality	5
9111	101837569	St Nicolas		locality	1
9112	101839019	Sinaai		locality	9
9120	101837567	Beveren		locality	146
9120	101838989	Melsele		locality	27
9120	101809423	Kallo		locality	7
9120	101839009	Haasdonk		locality	2
9120	101809425	Vrasene		locality	1
9120;9130	101837567	Beveren		locality	1
9130	101838981	Kieldrecht		locality	522
9130	1125947527	Doel		locality	47
9130	101837567	Beveren		locality	10
9130	101809423	Kallo		locality	2
9130	1125959667	Verrebroek		locality	1
9140	101837571	Temse		locality	596
9140	101754309	Aalst		locality	1
9140	101839705	Elversele		locality	1
9140	101839027	Tielrode		locality	1
9150	101839013	Kruibeke		locality	6
9150	101839015	Bazel		locality	2
9150	101837563	Rupelmonde		locality	1
9160	101837573	Lokeren		locality	13
9160	1125863795	Daknam		locality	10
9170	1125780311	Sint-Pauwels		locality	81
9170	101808119	Meerdonk		locality	33
9170	101838991	Sint-Gillis-Waas		locality	17
9170	101838983	De Klinge		locality	1
9180	101809369	Moerbeke		locality	10
9185	101809371	Wachtebeke		locality	21
9190	101838997	Stekene		locality	21
9190	101838995	Kemzeke		locality	4
9200	101754353	Dendermonde		locality	44
9200	1125811639	Sint-Gillis-bij-Dendermonde		locality	10
9200	101754349	Grembergen		locality	4
9200	101809307	Audegem		locality	2
9220	101837539	Hamme		locality	17
9230	101754355	Wetteren		locality	488
9230	1125787313	Massemen		locality	1
9240	101837541	Zele		locality	10
9250	101838865	Waasmunster		locality	4
9250	101755609	Overmere		locality	1
9255	101755581	Buggenhout		locality	47
9260	101755587	Wichelen		locality	11
9260	101755597	Serskamp		locality	2
9270	101755599	Laarne		locality	2
9280	101754357	Lebbeke		locality	23
9280	101809309	Denderbelle		locality	3
9280	101755613	Wieze		locality	1
9290	101755607	Berlare		locality	7
9290	101755609	Overmere		locality	6
9290	1125921279	Donk		locality	1
9300	101754309	Aalst		locality	102
9308	101754309	Aalst		locality	28
9308	1125950065	Hofstade		locality	7
9308	101755333	Gysegem		locality	2
9310	1126015181	Baardegem		locality	2
9310	1125873789	Meldert		locality	2
9310	101755357	Herdersem		locality	1
9310	101838935	Neerpelt		locality	1
9320	101754311	Erembodegem		locality	16
9320	101754309	Aalst		locality	9
9320	101838937	Lommel		locality	4
9320	101755337	Nieuwerkerken		locality	3
9340	101809253	Oordegem		locality	10
9340	101754307	Lede		locality	5
9340	101755335	Erpe		locality	1
9340	1125780113	Smetlede		locality	1
9400	1126058873	Denderwindeke		locality	17
9400	101754317	Ninove		locality	14
9400	1125990787	Lieferinge		locality	5
9400	101755351	Okegem		locality	3
9400	1126057657	Pollare		locality	1
9402	101754317	Ninove		locality	6
9420	101755335	Erpe		locality	373
9420	1126059051	Burst		locality	2
9450	101755347	Haaltert		locality	3
9450;9451	1125929373	Heldergem		locality	2
9451	101755347	Haaltert		locality	1
9470	101754313	Denderleeuw		locality	7
9500	101838723	Geraardsbergen		locality	499
9500	1126043977	Overboelare		locality	3
9500	101810545	Viane		locality	3
9500	1125784525	Goeferdinge		locality	2
9500	101838733	Moerbeke		locality	1
9500	1126029811	Onkerzele		locality	1
9506	101838731	Schendelbeke		locality	10
9506	1125990703	Grimminge		locality	1
9506	101838729	Idegem		locality	1
9506	1125776309	Zandbergen		locality	1
9520	101809249	Sint-Lievens-Houtem		locality	2
9520	101809255	Bavegem		locality	1
9550	101838727	Herzele		locality	6
9550	101838723	Geraardsbergen		locality	1
9550	1125776055	Hillegem		locality	1
9550	1125779501	Oombergen		locality	1
9550	1126051321	Sint-Antelinks		locality	1
9550	1126059139	Woubrechtegem		locality	1
9552	101838727	Herzele		locality	2
9570	1125803621	Sint-Maria-Lierde		locality	8
9570	101809247	Deftinge		locality	7
9571	1125895181	Hemelveerdegem		locality	2
9572	1125995357	Sint-Martens-Lierde		locality	1
9600	101838659	Ronse		locality	3813
9600	101837541	Zele		locality	1
9620	101837519	Zottegem		locality	345
9620	1125779501	Oombergen		locality	5
9620	1126019913	Velzeke-Ruddershove		locality	3
9620	1126017283	Erwetegem		locality	2
9620	1125777925	Grotenberge		locality	1
9620	1125780389	Strijpen		locality	1
9630	101838719	Munkzwalm		locality	3
9660	101838713	Nederbrakel		locality	89
9660	1125993945	Everbeek		locality	1
9661	101838713	Nederbrakel		locality	10
9680	101838711	Etikhove		locality	1
9681	1125946781	Nukerke		locality	1
9688	1125862247	Schorisse		locality	5
9690	1126046981	Kwaremont		locality	1
9700	101837517	Audenaarde		locality	54
9700	1125788739	Mater		locality	8
9700	101754309	Aalst		locality	2
9700	1126043923	Bevere		locality	1
9750	101838709	Syngem		locality	4
9750	1125776149	Huise		locality	1
9770	101809239	Cruyshautem		locality	8
9770	1125842177	Lozer		locality	2
9770;9771;9772	101809239	Cruyshautem		locality	1
9800	101837551	Deynze		locality	473
9800	101838887	Astene		locality	122
9800	101748093	Ghent		locality	1
9810	101838893	Nazareth		locality	428
9810	101838899	Eke		locality	27
9820	1126004281	Merelbeke		locality	53
9820	1125821023	Balegem		locality	1
9830	101755703	Sint-Martens-Latem		locality	41
9840	1126016855	De Pinte		locality	215
9840	1125776411	Zevergem		locality	1
9850	101809373	Nevele		locality	2206
9850	1125815185	Vosselare		locality	1
9860	101838907	Oosterzeele		locality	49
9860	101838895	Moortsele		locality	6
9860	1125877697	Landskouter		locality	4
9860	1125821023	Balegem		locality	2
9860	1125777783	Gijzenzele		locality	1
9860	101838885	Scheldewindeke		locality	1
9870	101755687	Zulte		locality	6
9870	101838891	Machelen		locality	3
9870	101755721	Olsene		locality	1
9880	101837549	Aeltre		locality	223
9880	101838905	Lotenhulle		locality	1
9881	101837549	Aeltre		locality	2
9890	101838889	Gavere		locality	14
9890	101838909	Semmerzake		locality	5
9890	1125865909	Asper		locality	3
9900	101837545	Eecloo		locality	13
9910	101809361	Knesselaere		locality	2
9910	101809363	Ursel		locality	1
9920	101755709	Lovendegem		locality	4
9930	101809375	Somergein		locality	5
9930;9931;9932	101809375	Somergein		locality	1
9940	101754379	Everghem Rabot		locality	177
9940	101838877	Ertvelde		locality	2
9940	101754375	Sleidinge		locality	2
9950	101838883	Waerschoot		locality	3
9960	101758549	Assenede		locality	19
9961	101809415	Boekhoute		locality	1
9968	101758549	Assenede		locality	3
9968	101809421	Bassevelde		locality	1
9971	101838977	Lembeke		locality	1
9980	101809419	St-Laurent		locality	5
9980;9981;9982;9988	101809419	St-Laurent		locality	1
9981	101809419	St-Laurent		locality	14
9982	101809419	St-Laurent		locality	4
9988	101809419	St-Laurent		locality	70
9988	1125836003	Watervliet		locality	1
9990	101837559	Maldegem		locality	6
9991	101838973	Adegem		locality	1
9991	101837559	Maldegem		locality	1
9992	101837559	Maldegem		locality	2
35404	101913581	Herk-de-Stad		locality	1
48750	101755153	Plombières		locality	1
53902	1125867063	Lanzerath		locality	1
59230	1125992073	Nivelle		locality	1
59440	1126014461	St.-Aubin		locality	1
59560	101809227	Warneton		locality	138
64625	1125830071	Schoenberg		locality	1
1701701	1125764857	Dilbeek		locality	1
