CZ - 407 11	101748137	Děčín		locality	2
1	101748113	Prague		locality	1
32-014	101825471	Doubrava		locality	1
038 47	1125944597	Sklené		locality	1
039 01	101825459	Háj ve Slezsku		locality	1
42-235	101825377	Hrádek		locality	71
42-288	101841925	Bukovec		locality	35
43-512	101825517	Janovice		locality	564
44-285	1125955425	Kobylá nad Vidnavkou		locality	300
44-187	1125901941	Raduň		locality	22
46-200	1126053095	Nižní Lhoty		locality	172
46-200	1125954895	Vyšní Lhoty		locality	45
46-275	101825419	Vendryně		locality	2
47-253	1125866243	Kobylice		locality	287
47-150	1125785665	Louky		locality	147
47-100	1125954895	Vyšní Lhoty		locality	43
47-100	1126053095	Nižní Lhoty		locality	35
47-300	1125864113	Borek		locality	30
47-320	1125864113	Borek		locality	1
48-210	1125991187	Albrechtice		locality	3
48-250	101825395	Šenov		locality	3
48-100	101841991	Krásné Pole		locality	1
55-220	1125911365	Biskupice		locality	92
55-040	1125911365	Biskupice		locality	40
55-080	1125944581	Skalka		locality	38
55-100	1125866243	Kobylice		locality	27
55-065	1125911365	Biskupice		locality	16
56-400	101826527	Bystré		locality	244
57-160	1125864113	Borek		locality	219
58-130	1125964769	Lažany		locality	124
59-700	1125850895	Volanice		locality	2
67-200	1125864113	Borek		locality	3
67-210	1125864113	Borek		locality	2
101 00	101748113	Prague		locality	87
107 00	101748113	Prague		locality	1
110 00	101748113	Prague		locality	10
147 00	101748113	Prague		locality	52
170 00	101748113	Prague		locality	137
186 00	101748113	Prague		locality	1
196 00	101748113	Prague		locality	1
197 00	101748113	Prague		locality	1
251 66	1125991259	Tehovec		locality	1
252 63	101841019	Roztoky		locality	6
252 61	1126002479	Dobrovíz		locality	3
252 67	1125871125	Tuchoměřice		locality	2
252 64	1125787015	Úholičky		locality	1
257 41	101825729	Týnec nad Sázavou		locality	14
257 56	101824175	Neveklov		locality	2
257 28	1125914791	Chotýšany		locality	1
257 44	1125861379	Netvořice		locality	1
259 01	101826645	Votice		locality	8
259 01	101781127	Olbramovice		locality	1
270 33	101825713	Jesenice		locality	492
273 51	1125935849	Horní Bezděkov		locality	13
284 45	101825647	Kutná Hora		locality	1
290 33	101825643	Poděbrady		locality	4
294 71	101824179	Benátky nad Jizerou		locality	211
301 12	101748111	Pilsen		locality	1
326 00	101748111	Pilsen		locality	935
330 33	101826517	Město Touškov		locality	3
335 61	101826447	Spálené Poříčí		locality	1
349 62	1126016561	Kostelec		locality	1
350 02	101825351	Františkovy Lázně		locality	25
356 04	101840899	Dolní Rychnov		locality	395
368	1126049439	Olomučany		locality	1
370 49	101748103	Budweis		locality	1
374 01	1125773911	Žár		locality	1
375 01	101780849	Týn nad Vltavou		locality	1348
377 01	101831943	Jindřichův Hradec		locality	2761
379 13	101780917	Třeboň		locality	1
385 01	101780907	Vimperk		locality	630
391 02	101841971	Sezimovo Ústí		locality	773
403 36	1126025425	Tisá		locality	3
403 35	101841119	Libouchec		locality	1
407 14	101748137	Děčín		locality	1
407 80	1126039607	Vilémov		locality	1
411 55	101841091	Terezín		locality	2
431 91	1125936715	Loučná		locality	5
431 91	1125792435	České Hamry		locality	2
440 23 Louny	101824311	Louny		locality	1
461 17	101748147	Liberec		locality	2
463 12	1125776265	Jeřmanice		locality	1
463 34	1125856595	Chotyně		locality	1
463 43	101823031	Český Dub		locality	1
463 61	101823025	Raspenava		locality	1
512 45	1125843999	Rokytnice nad Jizerou		locality	14
512 46	1125969797	Harrachov		locality	2
512 01	1125868379	Slaná		locality	1
514 19	101823013	Jilemnice		locality	2
517 54	101824237	Vamberk		locality	1
533 04	1125785157	Kunětice		locality	1
539 01	101825261	Hlinsko		locality	1
542 27	1125890873	Malá Úpa		locality	2
542 23	101841081	Mladé Buky		locality	1
543 51	1125805091	Špindlerův Mlýn		locality	51
549 47	1125924643	Slatina nad Úpou		locality	1
549 51	1125804595	Adršpach		locality	1
566 01	101840881	Vysoké Mýto		locality	11
582 91	1125969341	Nová Ves u Světlé		locality	3
592 02	101825195	Svratka		locality	1
615 00	101748109	Brno		locality	55
619 00	101748109	Brno		locality	1
621 00	101748109	Brno		locality	13
624 00	101748109	Brno		locality	10
635 00	101748109	Brno		locality	22
641 00	101748109	Brno		locality	2
671 61	1125857345	Těšetice		locality	1
680 01	101826365	Boskovice		locality	3
686 03	101831955	Staré Město		locality	2
687 09	101780965	Boršice		locality	1
691 06	101781111	Velké Pavlovice		locality	5
691 45	101781057	Podivín		locality	1
702 00	101748125	Ostrava		locality	144
702 72	101748125	Ostrava		locality	1
706 02	101748125	Ostrava		locality	2
733 01	1126016949	Karviná		locality	1
739 12	101827419	Čeladná		locality	1
741 01	101840907	Nový Jičín		locality	8
748 01	101825389	Hlučín		locality	2663
755 23	101779843	Vsetín		locality	1
756 51	101826341	Zašová		locality	2
760 01	101748107	Zlín		locality	15
763 15	101779831	Slušovice		locality	2
768 24	101779873	Hulín		locality	2
772 00	101748129	Olomouc		locality	1
788 11	1126045399	Loučná nad Desnou		locality	4
788 32	101824143	Staré Město		locality	1
790 81	1126019969	Česká Ves		locality	2
793 44	1125997125	Rešov		locality	1
798 41	101826561	Kostelec na Hané		locality	1
798 55	1125935425	Hačky		locality	1
831 04	101824071	Nové Město na Moravě		locality	1
906 14	101841925	Bukovec		locality	1
906 15	1126015003	Košařiska		locality	1
916 16	101781031	Višňové		locality	1
916 33	1125936305	Luká		locality	1
919 42	1125906083	Pavlice		locality	166
919 61	1125822779	Borová		locality	1
930 31	1125915509	Dobrohošť		locality	1
935 84	1126004377	Slatina		locality	1
941 32	1125855589	Čechy		locality	1
956 53	1126004377	Slatina		locality	1
957 01	101779883	Březolupy		locality	1
966 01	1125861619	Přestavlky		locality	1
966 03	101825537	Řepiště		locality	1
1384 92	1126011097	Borová Lada		locality	1
2351	101780975	Ostrožská Nová Ves		locality	1
2475	101780975	Ostrožská Nová Ves		locality	24
3032	1126021703	Kamen		locality	14
3323	101824071	Nové Město na Moravě		locality	1
3504	1126021703	Kamen		locality	1
3710	101781129	Hrušovany u Brna		locality	2
03861	1126037891	Lipovec		locality	2
05991	101825509	Slavkov		locality	1
6194	101780995	Nosislav		locality	1
08349	1125987117	Potůčky		locality	1
10000	101748113	Prague		locality	48
10001	101748113	Prague		locality	1
10200	101748113	Prague		locality	24
10300	101748113	Prague		locality	2
10400	101748113	Prague		locality	16
10600	101748113	Prague		locality	10
10800	101748113	Prague		locality	5
10900	101748113	Prague		locality	27
11000	101748113	Prague		locality	958
11005	101748113	Prague		locality	1
11101	101748113	Prague		locality	1
11121	101748113	Prague		locality	1
11665	101748113	Prague		locality	1
11800	101748113	Prague		locality	248
11900	101748113	Prague		locality	7
12000	101748113	Prague		locality	431
12800	101748113	Prague		locality	145
13000	101748113	Prague		locality	128
13005	101748113	Prague		locality	1
14000	101748113	Prague		locality	160
14100	101748113	Prague		locality	1
14200	101748113	Prague		locality	2
14200	101754449	Písnice		locality	1
14300	101748113	Prague		locality	10
14800	101748113	Prague		locality	15
14900	101748113	Prague		locality	10
14900	101824095	Chodov		locality	1
15000	101748113	Prague		locality	156
15200	101748113	Prague		locality	4
15300	101748113	Prague		locality	1
15300	101825229	Prague 16		locality	1
15400	101748113	Prague		locality	1
15500	101748113	Prague		locality	24
15521	101748113	Prague		locality	11
15531	101748113	Prague		locality	1
15600	101748113	Prague		locality	4
15800	101748113	Prague		locality	36
15900	101748113	Prague		locality	2
15900	101825229	Prague 16		locality	1
16000	101748113	Prague		locality	191
16005	101748113	Prague		locality	1
16100	101748113	Prague		locality	18
16200	101748113	Prague		locality	66
16201	101748113	Prague		locality	1
16300	101748113	Prague		locality	2
16400	101748113	Prague		locality	4
16500	101748113	Prague		locality	2
16900	101748113	Prague		locality	199
17000	101748113	Prague		locality	3
17004	101748113	Prague		locality	1
17100	101748113	Prague		locality	12
18000	101748113	Prague		locality	34
18100	101748113	Prague		locality	4
18200	101748113	Prague		locality	25
18400	101748113	Prague		locality	1
18600	101748113	Prague		locality	48
19000	101748113	Prague		locality	72
19011	101748113	Prague		locality	2
19012	101748113	Prague		locality	1
19014	101748113	Prague		locality	6
19015	101754439	Satalice		locality	1
19016	101748113	Prague		locality	13
19017	101748113	Prague		locality	2
19300	101748113	Prague		locality	5
19400	101748113	Prague		locality	2
19700	101748113	Prague		locality	1
19700	101754437	Kbely		locality	1
19800	101748113	Prague		locality	13
19900	101748113	Prague		locality	61
25001	101840999	Brandýs nad Labem-Stará Boleslav		locality	3680
25063	1126052321	Mratín		locality	2
25063	1125953607	Nová Ves		locality	1
25064	1125879401	Hovorčovice		locality	3
25064	1125868463	Zlonín		locality	1
25065	101824169	Líbeznice		locality	1
25067	101825665	Klecany		locality	2
25067	1125911469	Větrušice		locality	1
25068	1125826201	Řež		locality	3
25068	101780897	Husinec		locality	1
25069	1125906913	Máslovice		locality	1
25070	101824195	Odolena Voda		locality	38
25070	1125883945	Postřižín		locality	2
25072	1125775999	Kojetice		locality	1
25073	1125939399	Jenštejn		locality	17
25073	1125873865	Radonice		locality	2
25075	1125772995	Nový Vestec		locality	21
25075	1125990509	Káraný		locality	10
25081	1125772897	Nehvizdy		locality	6
25082	1125997631	Tuklaty		locality	339
25082	1125766797	Květnice		locality	3
25082	101825715	Úvaly		locality	3
25083	1125884389	Škvorec		locality	1
25084	1126052299	Křenice		locality	226
25084	1125766797	Květnice		locality	24
25084	1126031289	Sibřina		locality	1
25087	1125990699	Mochov		locality	1
25088	101825717	Čelákovice		locality	28
25089	101840995	Lázně Toušeň		locality	19
25091	101825637	Zeleneč		locality	1
25092	1125879087	Šestajovice		locality	34
25101	101825617	Říčany		locality	3939
25101	1125991243	Tehov		locality	5
25101	1126058847	Čestlice		locality	2
25101	1125932765	Březí		locality	1
25101	1125892679	Modletice		locality	1
25101	101825635	Průhonice		locality	1
25162	1126045631	Mukařov		locality	18
25162	1125991259	Tehovec		locality	8
25162	1125890971	Louňovice		locality	2
25162	1125773547	Srbin		locality	1
25163	1126058961	Kunice		locality	1
25163	1125928495	Všestary		locality	1
25164	101825777	Mnichovice		locality	2
25166	1125784785	Hrusice		locality	2
25166	1125956683	Mirošovice		locality	1
25167	1125879115	Pyšely		locality	3
25168	101825677	Kamenice		locality	4
25168	1126053121	Olešnice		locality	3
25169	101825711	Velké Popovice		locality	7
25170	101748113	Prague		locality	1
25206	1125960029	Davle		locality	2
25207	1125879069	Štěchovice		locality	2
25209	101825653	Hradištko		locality	72
25210	101825639	Mníšek pod Brdy		locality	7
25210	1125959081	Kytín		locality	4
25210	1125939909	Líšnice		locality	1
25216	1125838879	Nučice		locality	2
25218	1125776291	Ptice		locality	3
25219	101825707	Rudná		locality	5
25219	1125967823	Drahelčice		locality	1
25225	1126002617	Jinočany		locality	1
25226	1126021949	Třebotov		locality	2
25226	1125776011	Kosoř		locality	1
25228	101841035	Černošice		locality	5
25229	1126058851	Lety		locality	29
25229	101843297	Dobřichovice		locality	6
25230	101841029	Řevnice		locality	47
25230	1126058851	Lety		locality	3
25231	101841033	Všenory		locality	3
25241	101825701	Dolní Břežany		locality	6
25241	1126039209	Dolní Břežany		locality	2
25242	101825633	Jesenice		locality	25
25243	101825635	Průhonice		locality	14
25245	1126029763	Zvole		locality	1
25250	1125892641	Vestec		locality	4
25262	101825769	Horoměřice		locality	756
25262	1125786763	Statenice		locality	280
25262	1126028157	Únětice		locality	2
25264	1125885567	Velké Přílepy		locality	804
25265	1125775961	Holubice		locality	3
25265	1125820463	Kozinec		locality	1
25266	101841011	Libčice nad Vltavou		locality	2
25268	1125910261	Kněževes		locality	1
25268	1125995011	Středokluky		locality	1
25268	1125777271	Jickovice		locality	1
25301	101825767	Hostivice		locality	6
25601	101826635	Benešov		locality	2032
25701	1125998399	Postupice		locality	1
25703	1125917411	Jankov		locality	1
25722	1126003831	Nespeky		locality	9
25722	1125872331	Lštění		locality	2
25722	1126011163	Čtyřkoly		locality	1
25724	1125894577	Chocerady		locality	1
25751	101826643	Bystřice		locality	2
25791	1126052411	Prčice		locality	569
26101	101826619	Příbram		locality	219
26101	1125915699	Drahlín		locality	2
26101	1126052171	Dubno		locality	2
26101	1125853271	Podlesí		locality	1
26202	101827427	Stará Huť		locality	462
26202	101826633	Dobříš		locality	8
26203	101825655	Nový Knín		locality	487
26203	1126016719	Malá Hraštice		locality	1
26204	1126005667	Nová Ves pod Pleší		locality	504
26211	1125923937	Rosovice		locality	1
26212	1125805703	Obořiště		locality	11
26221	101826625	Obecnice		locality	1
26222	1125979457	Hluboš		locality	1
26223	101826631	Jince		locality	404
26223	1125832177	Bratkovice		locality	1
26223	1125938299	Křešín		locality	1
26223	101839825	Ohrazenice		locality	1
26223	1125847337	Čenkov		locality	1
26225	1125896549	Pičín		locality	2
26231	101826623	Milín		locality	356
26241	1125990465	Láz		locality	4
26242	101826629	Rožmitál pod Třemšínem		locality	967
26242	101826481	Nepomuk		locality	1
26243	1125927973	Věšín		locality	2
26252	1125783869	Vysoký Chlumec		locality	1
26256	1125936025	Krásná Hora nad Vltavou		locality	6
26256	1125984633	Svatý Jan		locality	2
26263	1125963547	Kamýk nad Vltavou		locality	7
26272	101826627	Březnice		locality	732
26291	1125851691	Kosova Hora		locality	1
26301	101826633	Dobříš		locality	1349
26301	1126008877	Voznice		locality	2
26301	1125880401	Rybníky		locality	1
26401	101826641	Sedlčany		locality	73
26401	1125943783	Prosenická Lhota		locality	1
26480	101826641	Sedlčany		locality	1
26601	101841031	Beroun		locality	1193
26601	1126025429	Tetín		locality	156
26601	101825683	Chyňava		locality	43
26701	101841027	Kraluv Dvur		locality	159
26701	1125894733	Trubín		locality	78
26701	1125941279	Tmaň		locality	2
26703	101825673	Hudlice		locality	139
26703	1125907145	Nový Jáchymov		locality	135
26705	101825751	Nižbor		locality	238
26706	101825743	Hýskov		locality	306
26707	101825671	Unhošť		locality	2
26711	1125990599	Vráž		locality	195
26711	1125894777	Svatý Jan pod Skalou		locality	1
26712	101825629	Loděnice		locality	25
26712	1125989853	Chrustenice		locality	1
26716	1125953691	Vysoký Újezd		locality	28
26717	1125766079	Mořina		locality	1
26718	1125880609	Bubovice		locality	159
26718	1125953691	Vysoký Újezd		locality	42
26718	1125767355	Karlštejn		locality	18
26718	1126028875	Hlásná Třebaň		locality	15
26718	1125807779	Srbsko		locality	12
26721	1125941279	Tmaň		locality	105
26722	1125997045	Suchomasty		locality	1
26723	1125939419	Lhotka		locality	8
26723	1126016647	Lochovice		locality	2
26724	101825763	Hostomice		locality	40
26724	1125921247	Neumětely		locality	11
26724	1125834463	Velký Chlumec		locality	2
26724	1125947771	Vižina		locality	2
26725	1125821267	Osov		locality	1
26726	1125839613	Všeradice		locality	5
26727	1125821891	Liteň		locality	188
26727	1126016729	Svinaře		locality	91
26727	1125872133	Skuhrov		locality	1
26728	1126016729	Svinaře		locality	75
26729	1125990613	Zadní Třebaň		locality	7
26742	1125979161	Broumy		locality	24
26751	101825627	Zdice		locality	503
26751	1125933617	Černín		locality	1
26753	101825679	Žebrák		locality	49
26762	101826647	Komárov		locality	57
26762	1125861545	Osek		locality	1
26762	1126017425	Zaječov		locality	1
26763	1126017425	Zaječov		locality	4
26801	101825727	Hořovice		locality	152
26801	1125874891	Rpety		locality	2
26801	1125915967	Felbabka		locality	1
26801	1125943471	Podluhy		locality	1
26901	101825651	Rakovník		locality	43
26901	101825697	Lužná		locality	17
26901	1125992179	Lišany		locality	1
27001	1125792929	Kněževes		locality	372
27007	1125776167	Mutějovice		locality	312
27023	1125824169	Křivoklát		locality	2
27024	1125894687	Sýkořice		locality	1
27024	1125862139	Zbečno		locality	1
27031	1125909057	Senomaty		locality	322
27034	1125896325	Čistá		locality	171
27035	1125909057	Senomaty		locality	10
27041	1125906339	Hřebečníky		locality	1
27051	101825697	Lužná		locality	743
27052	1125992179	Lišany		locality	243
27053	1125880871	Krušovice		locality	207
27054	101825693	Řevničov		locality	476
27061	101825695	Lány		locality	53
27062	1126017029	Rynholec		locality	326
27101	101825719	Nové Strašecí		locality	1320
27201	101748131	Kladno		locality	89
27203	101748131	Kladno		locality	26
27204	101748131	Kladno		locality	46
27301	1125862157	Žilina		locality	11
27301	101825691	Kamenné Žehrovice		locality	7
27302	101825747	Tuchlovice		locality	42
27303	101825773	Stochov		locality	314
27304	101825657	Kačice		locality	10
27304	101825773	Stochov		locality	7
27305	101825663	Smečno		locality	26
27305	1125926281	Svinařov		locality	8
27306	101825737	Libušín		locality	49
27307	101825749	Vinařice		locality	33
27308	1125879245	Pchery		locality	23
27309	101748131	Kladno		locality	72
27323	1125881683	Černuc		locality	1
27324	101824189	Velvary		locality	45
27341	101824217	Brandýsek		locality	41
27341	1125934185	Cvrčovice		locality	13
27341	1125929261	Želenice		locality	3
27342	1126009155	Stehelčeves		locality	17
27343	101825675	Buštěhrad		locality	119
27345	101825781	Hřebeč		locality	68
27351	101825671	Unhošť		locality	97
27351	1125802513	Velké Přítočno		locality	23
27351	1125785697	Malé Kyšice		locality	19
27351	1126016295	Braškov		locality	18
27351	1126051081	Svárov		locality	17
27351	1125990403	Kyšice		locality	16
27351	1125943085	Pletený Újezd		locality	10
27351	1125956303	Červený Újezd		locality	3
27351	1125943115	Pavlov		locality	2
27351	1125889959	Malé Přítočno		locality	1
27353	1125974053	Hostouň		locality	43
27354	1125817571	Lidice		locality	19
27361	101825755	Velká Dobrá		locality	41
27362	1125935205	Družec		locality	9
27364	101825761	Doksy		locality	35
27371	1125869627	Zlonice		locality	16
27374	1126016533	Klobuky		locality	5
27375	1125776353	Třebíz		locality	1
27401	101824203	Slaný		locality	282
27601	101824199	Mělník		locality	3743
27601	1126025781	Hořín		locality	8
27711	101841013	Neratovice		locality	17
27711	101841023	Libiš		locality	5
27713	101824219	Kostelec nad Labem		locality	71
27715	1125773989	Tišice		locality	2
27721	1125950357	Liběchov		locality	8
27721	1125894599	Želízy		locality	4
27721	1125992423	Tupadly		locality	2
27721	1126016753	Medonosy		locality	1
27731	1125884371	Velký Borek		locality	222
27735	101824185	Mšeno		locality	1
27741	101824199	Mělník		locality	5
27742	1126010785	Obříství		locality	5
27745	1125998547	Úžice		locality	2
27746	101841009	Veltrusy		locality	1
27801	101841015	Kralupy nad Vltavou		locality	4
28002	101825645	Kolín		locality	6
28002	1125959141	Veltruby		locality	1
28126	101825733	Týnec nad Labem		locality	1
28163	1125910213	Kozojedy		locality	13
28163	1125858517	Vyžlovka		locality	4
28166	1125922393	Jevany		locality	1
28167	1125894529	Stříbrná Skalice		locality	6
28171	1125773373	Rostoklaty		locality	7
28201	101825723	Český Brod		locality	1735
28201	1126027691	Doubravčice		locality	269
28201	1125990489	Hradešín		locality	3
28401	101825647	Kutná Hora		locality	3178
28403	101825647	Kutná Hora		locality	358
28504	101825779	Uhlířské Janovice		locality	844
28506	101825741	Sázava		locality	2
28509	1125816857	Kácov		locality	5
28522	101826617	Zruč nad Sázavou		locality	1106
28522	1126041529	Pertoltice		locality	1
28523	1126052749	Vlastějovice		locality	1
28532	101825647	Kutná Hora		locality	3
28541	1126036877	Malešov		locality	48
28575	1125929247	Žehušice		locality	2
28601	101825725	Čáslav		locality	2002
28601	1125856685	Lomec		locality	1
28802	101824207	Nymburk		locality	2721
28802	1125937957	Kovanice		locality	2
28840	101824207	Nymburk		locality	1
28901	1125775883	Dymokury		locality	319
28903	101824213	Městec Králové		locality	968
28903	1125880813	Záhornice		locality	204
28903	1125934243	Dlouhopolsko		locality	136
28904	1125911575	Vrbice		locality	116
28906	1125872177	Sány		locality	231
28907	101825687	Libice nad Cidlinou		locality	491
28911	1125957119	Vrbová Lhota		locality	192
28911	101825745	Pečky		locality	2
28912	101825689	Sadská		locality	1391
28912	1126052657	Třebestovice		locality	366
28912	101825653	Hradištko		locality	321
28913	1125957245	Zvěřínek		locality	105
28913	101824207	Nymburk		locality	11
28913	1126027911	Písty		locality	1
28916	101825661	Přerov nad Labem		locality	33
28921	101824197	Kostomlaty nad Labem		locality	487
28921	1125956525	Kostomlátky		locality	96
28922	101824205	Lysá nad Labem		locality	2414
28922	1125780267	Ostrá		locality	176
28923	101841017	Milovice		locality	42
28924	101841017	Milovice		locality	734
28931	1125775905	Bobnice		locality	354
28931	1126058957	Chleby		locality	155
28932	1125802447	Oskořínek		locality	226
28933	1125868163	Křinec		locality	328
28933	1125777389	Loučeň		locality	1
28934	101824187	Rožďalovice		locality	2
28937	1125777389	Loučeň		locality	740
29001	101825643	Poděbrady		locality	3238
29001	1125894475	Sokoleč		locality	335
29001	1125906023	Pátek		locality	15
29001	1125789117	Křečkov		locality	4
29001	1125856477	Kouty		locality	2
29002	101825643	Poděbrady		locality	2
29301	101841001	Mladá Boleslav		locality	1115
29303	101841001	Mladá Boleslav		locality	1
29306	101840997	Kosmonosy		locality	141
29306	1125893723	Bradlec		locality	76
29401	101825165	Bakov nad Jizerou		locality	119
29402	1125834419	Kněžmost		locality	26
29404	101824177	Dolní Bousov		locality	51
29412	101826391	Žďár nad Sázavou		locality	1
29421	101825167	Bělá pod Bezdězem		locality	80
29425	1125968387	Katusice		locality	13
29428	1126016339	Chotětov		locality	17
29429	1125956225	Bezno		locality	15
29429	1125857267	Sovínky		locality	7
29441	101824181	Dobrovice		locality	46
29442	1125776117	Luštěnice		locality	9
29443	1125958355	Čachovice		locality	19
29443	1125875285	Všejany		locality	8
29443	1125947957	Vlkava		locality	3
29473	1125932847	Brodce		locality	53
29501	101824201	Mnichovo Hradiště		locality	141
29501	1126023829	Rokyta		locality	2
30100	101748111	Pilsen		locality	1457
30152	101748111	Pilsen		locality	1
31200	101748111	Pilsen		locality	579
31600	101748111	Pilsen		locality	1
31800	101748111	Pilsen		locality	576
32100	101748111	Pilsen		locality	717
32200	101748111	Pilsen		locality	223
32300	101748111	Pilsen		locality	691
32600	1125847267	Letkov		locality	222
33001	1126016605	Kyšice		locality	331
33002	101826505	Dýšina		locality	549
33003	101824075	Chrást		locality	645
33011	1125860803	Hromnice		locality	2
33011	101826453	Třemošná		locality	1
33012	101825213	Horní Bříza		locality	6
33017	1125784379	Chotíkov		locality	1
33021	101826489	Líně		locality	464
33023	101840867	Nýřany		locality	1
33027	101826491	Vejprnice		locality	8
33101	101825223	Plasy		locality	2
33141	101825219	Kralovice		locality	2
33151	101825221	Kaznějov		locality	2
33151	1126016999	Rybnice		locality	2
33162	1125773735	Újezd		locality	1
33202	101826487	Starý Plzenec		locality	1798
33203	101826443	Šťáhlavy		locality	633
33204	101826443	Šťáhlavy		locality	6
33204	101826471	Nezvěstice		locality	1
33209	101824077	Štěnovice		locality	599
33214	101826467	Chotěšov		locality	55
33301	101826445	Stod		locality	461
33401	101826485	Přeštice		locality	1235
33401	1125948179	Vřeskovice		locality	3
33441	101826509	Dobřany		locality	1160
33442	101826475	Chlumčany		locality	481
33452	1125851731	Merklín		locality	374
33452	101826515	Holýšov		locality	1
33455	1125916871	Horšice		locality	15
33501	101826481	Nepomuk		locality	583
33501	1125855717	Čížkov		locality	1
33503	101826481	Nepomuk		locality	317
33554	1125940587	Žinkovy		locality	1
33555	1125940415	Neurazy		locality	3
33561	101826447	Spálené Poříčí		locality	513
33563	1125861301	Míšov		locality	1
33563	101826447	Spálené Poříčí		locality	1
33601	101826507	Blovice		locality	930
33601	1126005225	Seč		locality	3
33601	1125953583	Letiny		locality	2
33701	101840869	Rokycany		locality	2926
33701	1125877633	Ejpovice		locality	275
33701	1125923451	Raková		locality	3
33701	1125927937	Veselá		locality	3
33701	1126055317	Hůrky		locality	2
33701	1126005189	Nevid		locality	2
33701	101780951	Kamenný Újezd		locality	1
33805	101826499	Mýto		locality	762
33808	101825215	Zbiroh		locality	452
33808	1125819013	Kařez		locality	3
33808	1126002553	Mlečice		locality	3
33808	1125935027	Drahoňův Újezd		locality	1
33808	1125918119	Kařízek		locality	1
33808	1125785555	Líšná		locality	1
33828	101825211	Radnice		locality	617
33843	101826455	Mirošov		locality	255
33843	1125926877	Trokavec		locality	3
33843	1125968307	Kakejcov		locality	2
33843	1125944659	Skořice		locality	2
33843	1125947755	Vísky		locality	2
33843	1125807745	Kornatice		locality	1
33843	1126052315	Mešno		locality	1
33843	1125944699	Příkosice		locality	1
33843	1125784077	Štítov		locality	1
33844	1125821153	Dobřív		locality	12
33845	101826483	Strašice		locality	11
33845	1125926483	Těně		locality	1
33901	101826461	Klatovy		locality	2855
33901	1125864379	Chudenice		locality	299
33901	1125913359	Běšiny		locality	1
34004	101781193	Železná Ruda		locality	428
34012	101826473	Švihov		locality	430
34012	1125959703	Měčín		locality	212
34021	101780031	Janovice nad Úhlavou		locality	431
34022	101780035	Nýrsko		locality	814
34022	101780031	Janovice nad Úhlavou		locality	4
34022	101781193	Železná Ruda		locality	2
34034	1126021933	Plánice		locality	190
34101	101780033	Horažďovice		locality	1063
34142	1126016521	Jindřichovice		locality	1
34192	101782213	Kašperské Hory		locality	407
34192	1126007851	Rejštejn		locality	103
34192	1126004141	Srní		locality	6
34192	1125984409	Modrava		locality	2
34201	1125959169	Sušice		locality	1775
34201	1126009297	Strašín		locality	66
34201	1126016417	Hartmanice		locality	12
34201	1125940187	Prášily		locality	11
34201	1125949397	Žihobce		locality	2
34201	1125941249	Mokrosuky		locality	1
34201	101781195	Sušice		locality	1
34201	1126030425	Žichovice		locality	1
34401	101826457	Domažlice		locality	1852
34401	1125802943	Babylon		locality	2
34401	1125772145	Díly		locality	1
34401	1125992281	Nemanice		locality	1
34506	101826463	Kdyně		locality	745
34507	1125857651	Všeruby		locality	1
34522	101826439	Poběžovice		locality	348
34525	1126052917	Hostouň		locality	185
34526	101826479	Bělá nad Radbuzou		locality	313
34532	1126016321	Česká Kubice		locality	1
34533	1126019993	Trhanov		locality	1
34543	1126021719	Koloveč		locality	384
34561	101826469	Staňkov		locality	1076
34561	1125938153	Krchleby		locality	1
34562	101826515	Holýšov		locality	760
34562	1125921221	Neuměř		locality	2
34601	101826511	Horšovský Týn		locality	908
34601	1125940929	Mířkov		locality	5
34701	101826449	Tachov		locality	1796
34701	1125916043	Halže		locality	182
34801	1125914199	Částkov		locality	1
34802	101826503	Bor		locality	466
34806	1126007977	Přimda		locality	151
34806	1126016975	Rozvadov		locality	5
34807	1126016975	Rozvadov		locality	3
34813	101825205	Chodová Planá		locality	345
34815	101825201	Planá		locality	921
34901	101826451	Stříbro		locality	1377
34901	1126016561	Kostelec		locality	15
34953	1125860205	Bezdružice		locality	207
34958	1125973973	Černošín		locality	275
34961	1125985521	Kladruby		locality	296
35002	101825339	Cheb		locality	3360
35002	1125959659	Pomezí nad Ohří		locality	54
35002	1125805717	Odrava		locality	2
35002	1125921803	Okrouhlá		locality	1
35101	101825351	Františkovy Lázně		locality	972
35124	101824107	Hranice		locality	558
35131	1125948199	Libá		locality	2
35134	101825369	Skalná		locality	407
35134	1125948085	Vojtanov		locality	73
35135	101825327	Plesná		locality	461
35137	101824113	Luby		locality	500
35201	101825331	Aš		locality	862
35201	101825345	Hazlov		locality	1
35201	1125879857	Podhradí		locality	1
35301	101825353	Mariánské Lázně		locality	1676
35301	101825329	Velká Hleďsebe		locality	389
35301	1125899305	Drmoul		locality	312
35301	1125940643	Valy		locality	135
35301	1125959689	Prameny		locality	2
35343	101825353	Mariánské Lázně		locality	1
35352	101825353	Mariánské Lázně		locality	1
35491	101825357	Lázně Kynžvart		locality	296
35601	101839821	Sokolov		locality	1859
35601	101825349	Březová		locality	323
35601	1125860165	Staré Sedlo		locality	303
35601	1125821279	Královské Poříčí		locality	162
35601	1125784139	Šabina		locality	1
35701	101824111	Rotava		locality	337
35703	101841923	Svatava		locality	478
35707	1125810359	Oloví		locality	188
35709	101825333	Habartov		locality	608
35709	1125816655	Chlum Svaté Maří		locality	129
35731	101825335	Horní Slavkov		locality	596
35731	1125874037	Krásno		locality	259
35731	101825359	Loket		locality	1
35733	101825359	Loket		locality	598
35734	101825363	Nové Sedlo		locality	210
35735	101824095	Chodov		locality	854
35735	101825363	Nové Sedlo		locality	139
35751	101825337	Kynšperk nad Ohří		locality	733
35801	101824089	Kraslice		locality	1299
35801	101824111	Rotava		locality	123
35801	1126016521	Jindřichovice		locality	1
36000	101840901	Carlsbad		locality	1
36001	101840901	Carlsbad		locality	2506
36001	1125879823	Jenišov		locality	203
36001	1126052375	Otovice		locality	203
36001	1126041713	Březová		locality	136
36001	1125838805	Sadov		locality	1
36004	101840901	Carlsbad		locality	399
36005	101840901	Carlsbad		locality	657
36006	101840901	Carlsbad		locality	344
36007	101840901	Carlsbad		locality	454
36009	101840901	Carlsbad		locality	1
36010	101840901	Carlsbad		locality	204
36017	101840901	Carlsbad		locality	886
36018	101840901	Carlsbad		locality	277
36020	101840901	Carlsbad		locality	1
36221	101824091	Nejdek		locality	812
36221	1125953619	Nové Hamry		locality	2
36222	101824091	Nejdek		locality	280
36225	101824099	Nová Role		locality	308
36233	101824097	Hroznětín		locality	247
36235	101824109	Abertamy		locality	445
36235	1125952725	Horní Blatná		locality	224
36235	1125987117	Potůčky		locality	1
36236	1125891005	Pernink		locality	329
36251	101824105	Jáchymov		locality	764
36262	1125994605	Boží Dar		locality	34
36263	101840903	Dalovice		locality	470
36301	101824093	Ostrov		locality	1334
36301	101824105	Jáchymov		locality	79
36301	101824097	Hroznětín		locality	16
36401	101825355	Toužim		locality	444
36452	101825365	Žlutice		locality	408
36452	1125864595	Valeč		locality	2
36452	1125804417	Verušičky		locality	1
36453	1126002451	Chyše		locality	152
36453	1125864595	Valeč		locality	99
36461	101825347	Teplá		locality	516
36464	1125945461	Bečov nad Teplou		locality	300
36471	101825367	Bochov		locality	250
37001	101748103	Budweis		locality	3145
37001	1125953509	Homole		locality	435
37001	1126050499	Litvínovice		locality	214
37001	1125798793	Vrábče		locality	162
37004	101748103	Budweis		locality	1188
37005	101748103	Budweis		locality	1871
37006	101748103	Budweis		locality	1531
37006	1126052583	Srubec		locality	227
37006	101754419	Dobrá Voda u Českých Budějovic		locality	11
37007	101748103	Budweis		locality	1164
37007	1125951855	Roudné		locality	310
37007	101780951	Kamenný Újezd		locality	35
37007	1125896759	Římov		locality	5
37008	101748103	Budweis		locality	819
37010	101748103	Budweis		locality	706
37010	101780927	Hrdějovice		locality	5
37011	101748103	Budweis		locality	259
37059	101748103	Budweis		locality	1
37215	101748103	Budweis		locality	1
37302	1126053941	Všemyslice		locality	13
37311	101780949	Ledenice		locality	541
37312	101780881	Borovany		locality	676
37316	101754419	Dobrá Voda u Českých Budějovic		locality	700
37324	1125896759	Římov		locality	257
37333	101782289	Nové Hrady		locality	379
37335	1125846127	Horní Stropnice		locality	1
37341	101780885	Hluboká nad Vltavou		locality	1031
37341	1125969693	Sedlec		locality	1
37343	1125996563	Purkarec		locality	1
37344	101780913	Zliv		locality	710
37361	101780927	Hrdějovice		locality	452
37363	101779761	Ševětín		locality	369
37365	101779759	Dolní Bukovsko		locality	355
37367	101780895	Borek		locality	358
37367	101780927	Hrdějovice		locality	1
37371	101754417	Rudolfov		locality	699
37371	101779961	Adamov		locality	195
37371	1125990283	Hůry		locality	167
37371	1126016427	Hlincová Hora		locality	65
37371	1125919727	Libníč		locality	11
37371	1125915871	Dubičné		locality	1
37372	1125857777	Zvíkov		locality	85
37372	101780935	Lišov		locality	1
37373	1125894495	Štěpánovice		locality	221
37381	101780951	Kamenný Újezd		locality	559
37382	101780899	Včelná		locality	573
37382	1125855519	Boršov		locality	528
37384	1125899383	Dubné		locality	3
37401	101782283	Trhové Sviny		locality	1149
37401	1125918101	Kamenná		locality	1
37401	101782289	Nové Hrady		locality	1
37501	1126053941	Všemyslice		locality	45
37701	1125917897	Kačlehy		locality	1
37701	1126053793	Velký Ratmírov		locality	1
37802	1126009307	Stráž nad Nežárkou		locality	307
37802	1125922991	Příbraz		locality	1
37804	101780891	Chlum u Třeboně		locality	248
37806	101780879	Suchdol nad Lužnicí		locality	843
37807	1125998429	Rapšach		locality	150
37810	101831941	České Velenice		locality	582
37816	101780911	Lomnice nad Lužnicí		locality	634
37821	101780903	Kardašova Řečice		locality	715
37825	1125865941	Deštná		locality	293
37833	101780889	Nová Bystřice		locality	899
37842	101779771	Nová Včelnice		locality	492
37853	101780945	Strmilov		locality	495
37853	1125970125	Střížovice		locality	1
37856	101779773	Studená		locality	7
37862	101780909	Kunžak		locality	420
37881	101780915	Slavonice		locality	631
37881	1125979409	Cizkrajov		locality	2
37901	101780917	Třeboň		locality	1551
37901	101780911	Lomnice nad Lužnicí		locality	1
38001	101780921	Dačice		locality	1328
38101	101782291	Český Krumlov		locality	1985
38101	101782281	Větřní		locality	15
38101	1126053395	Přísečná		locality	1
38202	1126046339	Zlatá Koruna		locality	2
38203	101780925	Křemže		locality	438
38203	1125775975	Holubov		locality	6
38211	101782281	Větřní		locality	438
38221	1126020923	Kájov		locality	243
38223	1125867053	Černá v Pošumaví		locality	3
38226	101782285	Horní Planá		locality	638
38226	1125867053	Černá v Pošumaví		locality	2
38232	101782297	Velešín		locality	601
38241	101782293	Kaplice		locality	889
38241	1126052461	Rožmitál na Šumavě		locality	1
38273	101782277	Vyšší Brod		locality	447
38273	1125830665	Přední Výtoň		locality	2
38276	101783339	Loučovice		locality	1
38278	1125850873	Lipno nad Vltavou		locality	12
38279	101782279	Frymburk		locality	27
38281	1125890637	Besednice		locality	270
38293	1125979471	Horní Dvořiště		locality	45
38301	101780947	Prachatice		locality	1454
38301	101780939	Volary		locality	8
38301	101780897	Husinec		locality	4
38301	1125933047	Buk		locality	1
38402	101780941	Lhenice		locality	401
38411	101780943	Netolice		locality	722
38411	101780941	Lhenice		locality	27
38421	101780897	Husinec		locality	362
38422	101780929	Vlachovo Březí		locality	486
38426	1126029877	Strunkovice nad Blanicí		locality	208
38427	1126017327	Vitějovice		locality	1
38442	1126043119	Lenora		locality	1
38443	1126045877	Strážný		locality	8
38444	1125887819	Stožec		locality	8
38451	101780939	Volary		locality	644
38451	101782285	Horní Planá		locality	31
38451	1125945703	Nová Pec		locality	5
38451	1126043119	Lenora		locality	2
38462	1125945703	Nová Pec		locality	7
38472	101780933	Zdíkov		locality	5
38473	101780931	Stachy		locality	5
38481	101780887	Čkyně		locality	4
38491	1125839049	Horní Vltavice		locality	1
38493	1125999901	Kvilda		locality	23
38501	1125926169	Svatá Maří		locality	4
38501	1125786361	Nové Hutě		locality	3
38501	1126011097	Borová Lada		locality	1
38501	1125839049	Horní Vltavice		locality	1
38601	101779769	Strakonice		locality	2682
38601	1125998449	Štěkeň		locality	5
38601	1125771987	Čejetice		locality	1
38701	101782211	Volyně		locality	419
38706	1125940411	Malenice		locality	202
38711	101779777	Katovice		locality	454
38731	1125874843	Radomyšl		locality	297
38732	101826329	Sedlice		locality	397
38743	1126021621	Bělčice		locality	289
38751	1125998449	Štěkeň		locality	208
38773	101779763	Bavorov		locality	530
38801	101826335	Blatná		locality	1302
38901	101780905	Vodňany		locality	1454
39001	101841973	Tábor		locality	823
39002	101841973	Tábor		locality	1762
39002	101840843	Planá nad Lužnicí		locality	50
39002	1126036945	Radimovice u Želče		locality	1
39003	101841973	Tábor		locality	1007
39005	101841973	Tábor		locality	238
39101	101841971	Sezimovo Ústí		locality	1016
39102	101840843	Planá nad Lužnicí		locality	38
39111	101840843	Planá nad Lužnicí		locality	1392
39127	1126025743	Dírná		locality	1
39131	1125990383	Dražice		locality	2
39133	1125815953	Jistebnice		locality	316
39135	1125965591	Borotín		locality	1
39137	1125926223	Chotoviny		locality	530
39143	101826337	Mladá Vožice		locality	655
39143	1125860819	Běleč		locality	1
39155	101826325	Chýnov		locality	548
39156	101841973	Tábor		locality	645
39165	101779783	Bechyně		locality	1260
39165	1125928793	Záhoří		locality	1
39175	101779779	Malšice		locality	176
39181	101780923	Veselí nad Lužnicí		locality	1469
39201	101779765	Soběslav		locality	1801
39201	1126016539	Klenovice		locality	87
39201	1126016403	Dráchov		locality	1
39301	1125943115	Pavlov		locality	1
39403	101780025	Horní Cerekev		locality	5
39404	1125953643	Nový Rychnov		locality	1
39444	1125866263	Želiv		locality	2
39456	1125896755	Senožaty		locality	2
39464	101779999	Počátky		locality	1
39468	101780023	Žirovnice		locality	6
39470	101780021	Kamenice nad Lipou		locality	1
39501	101826403	Pacov		locality	4
39601	101826421	Humpolec		locality	1
39701	101779781	Písek		locality	4225
39701	1125884381	Varvažov		locality	1
39701	1125772393	Zvíkovské Podhradí		locality	1
39711	101779781	Písek		locality	1
39719	101779781	Písek		locality	1
39720	101779781	Písek		locality	1
39741	101779781	Písek		locality	1
39801	1125840071	Mirotice		locality	330
39804	101826327	Mirovice		locality	1
39804	1125912199	Čimelice		locality	1
39806	101826327	Mirovice		locality	362
39811	101780893	Protivín		locality	942
39852	1126038677	Nadějkov		locality	149
39901	101826331	Milevsko		locality	5
40001	101748139	Ústí nad Labem		locality	4465
40002	1126046139	Ústí nad Labem		locality	99
40002	101839823	Povrly		locality	13
40002	101841105	Velké Březno		locality	7
40003	1126046139	Ústí nad Labem		locality	1841
40004	101754485	Trmice		locality	753
40007	1126046139	Ústí nad Labem		locality	806
40010	101748139	Ústí nad Labem		locality	333
40011	101748139	Ústí nad Labem		locality	1702
40301	1125830647	Dolní Zálezly		locality	200
40302	1126046139	Ústí nad Labem		locality	1
40317	101822965	Chabařovice		locality	654
40317	101822975	Krupka		locality	1
40321	1126046139	Ústí nad Labem		locality	592
40322	1126046139	Ústí nad Labem		locality	359
40323	101841105	Velké Březno		locality	392
40331	1126046139	Ústí nad Labem		locality	800
40332	101839823	Povrly		locality	657
40336	1126025425	Tisá		locality	1
40337	1125890021	Petrovice		locality	1
40339	101822969	Chlumec		locality	440
40340	101748139	Ústí nad Labem		locality	589
40502	101748137	Děčín		locality	7364
40502	1125990831	Oleška		locality	3
40502	101841103	Jílové		locality	2
40502	1125860837	Huntířov		locality	1
40502	1125847293	Janov		locality	1
40502	1125804793	Jetřichovice		locality	1
40505	101748137	Děčín		locality	395
40701	101841103	Jílové		locality	2
40711	101748137	Děčín		locality	479
40714	1126008683	Růžová		locality	2
40715	1126045839	Srbská Kamenice		locality	1
40717	1125824155	Hřensko		locality	5
40721	101841101	Česká Kamenice		locality	7
40722	101822971	Benešov nad Ploučnicí		locality	62
40723	1126032725	Františkov nad Ploučnicí		locality	2
40745	1126014787	Kytlice		locality	2
40746	101822959	Krásná Lípa		locality	20
40747	101841099	Varnsdorf		locality	72
40747	101822959	Krásná Lípa		locality	2
40751	1126031479	Rybniště		locality	4
40756	1125999807	Jiřetín pod Jedlovou		locality	22
40777	101821807	Šluknov		locality	4
40779	101822961	Mikulášovice		locality	2
40782	101841267	Dolní Poustevna		locality	1
40801	101841089	Rumburk		locality	2637
40801	1125999807	Jiřetín pod Jedlovou		locality	2
41002	101824305	Lovosice		locality	1420
41002	101826467	Chotěšov		locality	165
41002	1126021417	Žabovřesky nad Ohří		locality	109
41002	101824339	Čížkovice		locality	37
41002	1125847901	Velemín		locality	3
41103	1126031279	Libochovany		locality	1
41108	101824307	Štětí		locality	632
41111	1125834349	Sulejovice		locality	252
41112	101824339	Čížkovice		locality	277
41115	1125956373	Děčany		locality	1
41117	101824327	Libochovice		locality	959
41118	101824325	Budyně nad Ohří		locality	448
41131	1125847901	Velemín		locality	10
41141	1125862111	Žitenice		locality	196
41145	1125847909	Úštěk		locality	485
41148	1125879315	Křešice		locality	207
41156	101841113	Bohušovice nad Ohří		locality	366
41164	1125911575	Vrbice		locality	94
41172	1125851635	Hoštka		locality	377
41183	1125784721	Hrobce		locality	156
41184	1125940879	Vodochody		locality	4
41185	1126016907	Horní Beřkovice		locality	349
41186	1125936047	Bechlín		locality	1
41187	1125786989	Krabčice		locality	1
41201	101841087	Litoměřice		locality	3071
41201	1125784721	Hrobce		locality	81
41201	1126056685	Malíč		locality	5
41201	1125920453	Miřejovice		locality	2
41301	101824309	Roudnice nad Labem		locality	2493
41301	1125991409	Vědomice		locality	353
41301	1125860605	Dobříň		locality	139
41301	1125911575	Vrbice		locality	132
41301	101824325	Budyně nad Ohří		locality	92
41301	1125856563	Kyškovice		locality	14
41301	1125860595	Ctiněves		locality	1
41301	1126053417	Račiněves		locality	1
41501	101748135	Teplice		locality	638
41501	1125941047	Žalany		locality	34
41501	101754479	Dubí		locality	3
41501	1125855579	Bžany		locality	1
41501	1125821267	Osov		locality	1
41501	1125925151	Srbice		locality	1
41510	101748135	Teplice		locality	363
41701	101754479	Dubí		locality	1
41703	101754479	Dubí		locality	290
41703	101748135	Teplice		locality	1
41704	101822973	Hrob		locality	6
41705	101824301	Osek		locality	561
41712	101754481	Proboštov		locality	5
41722	1125805607	Háj u Duchcova		locality	263
41723	101822977	Košťany		locality	2
41725	1125933133	Lahošť		locality	154
41731	101754489	Novosedlice		locality	493
41741	101822975	Krupka		locality	704
41742	101822975	Krupka		locality	1454
41752	101824341	Hostomice		locality	257
41753	1125834323	Světec		locality	105
41754	1125910231	Kostomlaty pod Milešovkou		locality	335
41761	101754487	Bystřany		locality	6
41761	1125803131	Světice		locality	2
41763	1125941047	Žalany		locality	163
41771	1125872067	Zabrušany		locality	1
41772	1125861067	Ledvice		locality	139
41781	1125880429	Moldava		locality	1
41801	101824303	Bílina		locality	1749
41804	1125834323	Světec		locality	107
41901	101824323	Duchcov		locality	24
43001	101748145	Chomutov		locality	37
43001	1125861007	Křimov		locality	2
43001	1125955439	Blatno		locality	1
43001	1125909787	Spořice		locality	1
43002	101748145	Chomutov		locality	1
43003	101748145	Chomutov		locality	29
43004	101748145	Chomutov		locality	4
43101	1125909787	Spořice		locality	431
43101	101824309	Roudnice nad Labem		locality	2
43111	101754483	Jirkov		locality	2207
43111	1125878583	Otvice		locality	261
43111	1126053951	Všestudy		locality	1
43112	101754483	Jirkov		locality	1
43132	1125776715	Kalek		locality	1
43141	1125789645	Údlice		locality	387
43144	1125984851	Droužkovice		locality	277
43151	101824293	Klášterec nad Ohří		locality	2272
43151	1126002011	Okounov		locality	1
43154	1125948659	Vilémov		locality	149
43156	1126021315	Mašťov		locality	215
43158	1125861315	Místo		locality	2
43159	1125862093	Vysoká Pec		locality	246
43163	1125981507	Perštejn		locality	247
43182	1125850483	Hora Svatého Šebestiána		locality	2
43184	1125997811	Měděnec		locality	75
43186	101824333	Kovářská		locality	512
43191	101841931	Vejprty		locality	775
43201	101824319	Kadaň		locality	1782
43401	101748143	Most		locality	2377
43401	1126016565	Želenice		locality	5
43401	101824331	Horní Jiřetín		locality	3
43401	101824337	Obrnice		locality	3
43502	101748143	Most		locality	18
43511	101841097	Lom		locality	1134
43513	101824329	Meziboří		locality	412
43521	101824337	Obrnice		locality	150
43522	101824297	Braňany		locality	122
43526	101824321	Bečov		locality	1
43532	1125880403	Mariánské Radčice		locality	129
43542	101841929	Litvínov		locality	920
43543	101824331	Horní Jiřetín		locality	550
43546	1126009635	Hora Svaté Kateřiny		locality	166
43547	1126027403	Brandov		locality	127
43601	101841929	Litvínov		locality	3040
43601	1125819269	Klíny		locality	1
43601	1125884541	Český Jiřetín		locality	1
43603	101841929	Litvínov		locality	473
43801	101824313	Žatec		locality	3015
43801	1126052201	Holedeč		locality	118
43801	101825363	Nové Sedlo		locality	91
43901	101824343	Černčice		locality	457
43902	1125938041	Cítoliby		locality	397
43907	1125874599	Peruc		locality	388
43909	1126017091	Slavětín		locality	215
43923	101841115	Lenešice		locality	572
43926	1125822443	Libčeves		locality	175
43942	101824291	Postoloprty		locality	601
43949	1125925231	Staňkovice		locality	182
43972	1125910203	Krásný Dvůr		locality	2
43981	101825789	Kryry		locality	554
43982	101825787	Vroutek		locality	491
43983	101825785	Lubenec		locality	316
43988	1125850573	Blšany		locality	173
44001	101824311	Louny		locality	2512
44001	101841117	Dobroměřice		locality	475
44001	1125874599	Peruc		locality	209
44001	1125804217	Veltěže		locality	171
44001	1125914125	Břvany		locality	129
44101	101824315	Podbořany		locality	1234
44101	101825785	Lubenec		locality	6
46001	101748147	Liberec		locality	4537
46001	1125788829	Kryštofovo Údolí		locality	1
46005	101748147	Liberec		locality	499
46006	101748147	Liberec		locality	1028
46007	101748147	Liberec		locality	1452
46008	101748147	Liberec		locality	969
46010	101748147	Liberec		locality	778
46011	101748147	Liberec		locality	2
46014	101748147	Liberec		locality	1416
46015	101748147	Liberec		locality	964
46016	101748147	Liberec		locality	1
46059	101748147	Liberec		locality	1
46090	101748147	Liberec		locality	1
46311	101748147	Liberec		locality	1373
46312	101748147	Liberec		locality	1456
46312	1125924413	Šimonovice		locality	86
46331	101822989	Chrastava		locality	119
46331	101825639	Mníšek pod Brdy		locality	63
46342	101823029	Hodkovice nad Mohelkou		locality	19
46352	1126030171	Osečná		locality	8
46353	1125897365	Rynoltice		locality	1
46362	1125819421	Lázně Libverda		locality	4
46365	101823017	Nové Město pod Smrkem		locality	9
46365	1126041851	Jindřichovice pod Smrkem		locality	2
46373	1126021677	Habartice		locality	5
46373	1126041529	Pertoltice		locality	2
46373	1126027497	Černousy		locality	1
46401	101822987	Frýdlant		locality	83
46401	1125932169	Krásný Les		locality	1
46401	101823025	Raspenava		locality	1
46601	101822991	Jablonec nad Nisou		locality	474
46602	101822991	Jablonec nad Nisou		locality	185
46604	101822991	Jablonec nad Nisou		locality	277
46605	101822991	Jablonec nad Nisou		locality	60
46606	101822991	Jablonec nad Nisou		locality	22
46801	101822991	Jablonec nad Nisou		locality	34
46802	101822995	Rychnov u Jablonce nad Nisou		locality	54
46804	101822991	Jablonec nad Nisou		locality	55
46811	101822991	Jablonec nad Nisou		locality	1
46812	1125919777	Bedřichov		locality	1
46822	101823005	Železný Brod		locality	44
46833	1126045237	Jenišovice		locality	2
46841	101841131	Tanvald		locality	99
46843	101913149	Albrechtice v Jizerských horách		locality	1
46848	1125930839	Kořenov		locality	4
46849	1125930839	Kořenov		locality	1
46850	1125930839	Kořenov		locality	1
46851	101822999	Smržovka		locality	58
46861	101841141	Desná		locality	44
46861	101841137	Desná II		locality	2
47001	1125877739	Česká Lípa		locality	112
47001	1125937969	Kozly		locality	2
47002	1125936573	Holany		locality	12
47002	1126021645	Blíževedly		locality	2
47002	101824347	Dubá		locality	1
47003	1125877739	Česká Lípa		locality	1
47006	1125877739	Česká Lípa		locality	17
47101	1126017367	Zahrádky		locality	6
47102	1125948489	Stvolínky		locality	3
47104	1126021645	Blíževedly		locality	1
47106	1125916739	Horní Police		locality	69
47107	101823019	Žandov		locality	7
47114	101822993	Kamenický Šenov		locality	1
47116	1125863625	Polevsko		locality	1
47118	101841123	Nový Bor		locality	1
47123	101823033	Zákupy		locality	5
47124	101822983	Mimoň		locality	1225
47125	101841127	Jablonné v Podještědí		locality	1
47127	101823023	Stráž pod Ralskem		locality	22
47128	1125904891	Hamr na Jezeře		locality	3
47141	101824347	Dubá		locality	35
47152	101913151	Erhet		locality	6
47153	1125780755	Svojkov		locality	1
47154	101822981	Cvikov		locality	9
47156	1125861261	Mařenice		locality	6
47156	101822981	Cvikov		locality	2
47157	1125861261	Mařenice		locality	6
47161	1125939815	Jestřebí		locality	2
47162	1125768081	Okna		locality	2
47163	1125778867	Staré Splavy		locality	1
47201	101824351	Doksy		locality	14
47201	101824347	Dubá		locality	13
47201	1125970193	Tuhaň		locality	3
47201	1125771861	Blatce		locality	2
47201	1126017377	Vrchovany		locality	2
47301	101841123	Nový Bor		locality	14
47301	1125776327	Radvanec		locality	3
50002	101748133	Hradec Králové		locality	208
50003	101748133	Hradec Králové		locality	25
50004	101748133	Hradec Králové		locality	1
50006	101748133	Hradec Králové		locality	3
50009	101748133	Hradec Králové		locality	1
50011	101748133	Hradec Králové		locality	11
50302	101754475	Předměřice nad Labem		locality	1
50303	101841079	Smiřice		locality	1
50311	101748133	Hradec Králové		locality	1
50312	1126010183	Chlum		locality	1
50315	101824267	Nechanice		locality	6
50324	1125822047	Kratonohy		locality	1
50341	101748133	Hradec Králové		locality	3
50346	1126021629	Běleč nad Orlicí		locality	1
50351	101826359	Olešnice		locality	3
50351	101824287	Chlumec nad Cidlinou		locality	1
50601	101824233	Jičín		locality	2359
50601	1125881695	Staré Místo		locality	2
50703	1125885283	Vysoké Veselí		locality	11
50711	101824265	Valdice		locality	23
50712	1125908437	Radim		locality	1
50713	1126029785	Železnice		locality	24
50723	101824223	Libáň		locality	23
50732	101824261	Kopidlno		locality	26
50732	1125939439	Budčeves		locality	2
50732	1125913175	Běchary		locality	1
50743	101825171	Sobotka		locality	85
50752	101825169	Ostroměř		locality	40
50758	1126005131	Mlázovice		locality	9
50771	1125990605	Miletín		locality	57
50781	101824231	Lázně Bělohrad		locality	100
50782	1126051773	Pecka		locality	4
50791	101841067	Stará Paka		locality	52
50791	101841045	Nová Paka		locality	1
50791	1126053599	Svojek		locality	1
50801	101824251	Hořice		locality	292
50901	101841045	Nová Paka		locality	107
50901	101841067	Stará Paka		locality	1
50901	1125857549	Vidochov		locality	1
51101	101841143	Turnov		locality	2645
51101	101824121	Karlovice		locality	51
51101	1125934917	Hrubá Skála		locality	4
51101	101826359	Olešnice		locality	2
51206	101823007	Semily		locality	1
51211	1125903493	Vysoké nad Jizerou		locality	1
51237	1126030645	Benecko		locality	13
51238	1125903513	Vítkovice		locality	2
51238	1125820587	Horní Mísečky		locality	1
51242	101820685	Poniklá		locality	3
51243	101822997	Jablonec nad Jizerou		locality	13
51244	1125843999	Rokytnice nad Jizerou		locality	9
51251	101824355	Lomnice nad Popelkou		locality	5
51251	1125861851	Syřenov		locality	1
51261	1125988939	Přepeře		locality	1
51263	101824345	Rovensko pod Troskami		locality	6
51301	101823007	Semily		locality	97
51301	1125958449	Chuchelna		locality	2
51301	1125966235	Loukov		locality	1
51301	1125903493	Vysoké nad Jizerou		locality	1
51401	101823013	Jilemnice		locality	284
51601	101824255	Rychnov nad Kněžnou		locality	7
51721	101824257	Týniště nad Orlicí		locality	23
51732	1125922931	Přepychy		locality	1
51741	101824259	Kostelec nad Orlicí		locality	5
51741	1125990361	Kostelecká Lhota		locality	2
51742	101824275	Doudleby nad Orlicí		locality	4
51755	1125939053	Rybná nad Zdobnicí		locality	1
51761	101824271	Rokytnice v Orlických horách		locality	2
51773	101824221	Opočno		locality	2
51801	1125936497	Janov		locality	1
51803	1125969463	Podbřezí		locality	5
53002	101748115	Pardubice		locality	28
53002	101754453	Rybitví		locality	4
53003	101748115	Pardubice		locality	8
53006	101748115	Pardubice		locality	6
53009	101748115	Pardubice		locality	5
53012	101748115	Pardubice		locality	3
53341	101825299	Lázně Bohdaneč		locality	2
53353	101748115	Pardubice		locality	4
53401	101840875	Holice		locality	2
53501	101825255	Přelouč		locality	1
53701	101825247	Chrudim		locality	3
53701	1126029421	Rabštejnská Lhota		locality	1
53803	101825269	Heřmanův Městec		locality	2
53804	101825311	Prachovice		locality	4
53807	1125805051	Seč		locality	18
53821	1125948237	Lukavice		locality	1
53842	101826311	Ronov nad Doubravou		locality	2
53843	101825295	Třemošnice		locality	4
53901	101825261	Hlinsko		locality	3
54101	101841043	Trutnov		locality	5
54221	1125984421	Pec pod Sněžkou		locality	16
54224	101822947	Svoboda nad Úpou		locality	4
54226	1126026407	Horní Maršov		locality	17
54233	101824289	Rtyně v Podkrkonoší		locality	1
54237	1126016227	Batňovice		locality	1
54241	1126025831	Vlčice		locality	1
54301	101841085	Vrchlabí		locality	51
54303	101841085	Vrchlabí		locality	1
54341	1126006149	Dolní Lánov		locality	1
54342	1125986889	Dolní Dvůr		locality	1
54344	1125867043	Černý Důl		locality	1
54351	1125805091	Špindlerův Mlýn		locality	1
54352	1125887855	Strážné		locality	2
54371	101841073	Hostinné		locality	1
54401	101824249	Dvůr Králové nad Labem		locality	5
54701	101841051	Náchod		locality	12
54901	101824235	Nové Město nad Metují		locality	4
54908	1125825883	Šonov		locality	4
54911	1125990365	Dolní Radechová		locality	2
54931	101841049	Hronov		locality	2
54932	101841083	Velké Poříčí		locality	2
54941	101824247	Červený Kostelec		locality	13
54941	1125857667	Zábrodí		locality	3
54957	1126029859	Teplice nad Metují		locality	4
54957	1125804595	Adršpach		locality	1
54961	101841069	Police nad Metují		locality	1
54981	101822955	Meziměstí		locality	4
54983	101822955	Meziměstí		locality	1
55001	101841047	Broumov		locality	3
55001	1125968043	Hejtmánkovice		locality	1
55101	101841041	Jaroměř		locality	4
56002	101840887	Česká Třebová		locality	12
56102	101825267	Dolní Dobrouč		locality	1
56123	1125968851	Luková		locality	1
56151	101825249	Letohrad		locality	2
56201	101840885	Ústí nad Orlicí		locality	1180
56203	101840885	Ústí nad Orlicí		locality	468
56204	101840885	Ústí nad Orlicí		locality	218
56206	101840885	Ústí nad Orlicí		locality	352
56301	101825251	Lanškroun		locality	1824
56401	101825291	Žamberk		locality	1355
56401	1125860105	Dlouhoňovice		locality	17
56401	1126030489	Hejnice		locality	2
56501	101825257	Choceň		locality	2
56617	101840881	Vysoké Mýto		locality	1
56802	101840883	Svitavy		locality	3323
56941	1125772813	Městečko Trnávka		locality	1
56942	1126032721	Chornice		locality	1
56943	101826529	Jevíčko		locality	3
56943	1125956203	Bezděčí u Trnávky		locality	2
56992	101826527	Bystré		locality	1
57001	101825245	Litomyšl		locality	1
57101	101826309	Moravská Třebová		locality	736
57201	101824079	Polička		locality	3
58001	101826399	Havlíčkův Brod		locality	1701
58223	1126025751	Havlíčkova Borová		locality	5
58232	1125802569	Lipnice nad Sázavou		locality	2
58243	1125875153	Tis		locality	1
58252	1125957061	Věžnice		locality	1
58291	101826397	Světlá nad Sázavou		locality	2
58301	101826393	Chotěboř		locality	13
58401	101826395	Ledeč nad Sázavou		locality	2
58401	1125957083	Vilémovice		locality	2
58601	101826409	Jihlava		locality	80
58805	1125915895	Dudín		locality	1
58805	1125917207	Hubenov		locality	1
58812	101826427	Dobronín		locality	2
58821	1126027699	Nové Domky		locality	1
58832	101780011	Brtnice		locality	3
58851	101780013	Batelov		locality	1
58856	101780857	Telč		locality	3
58901	101780005	Třešť		locality	5
58901	1126041841	Jezdovice		locality	1
59101	1126043581	Žďár nad Sázavou		locality	14
59231	101824071	Nové Město na Moravě		locality	2
59231	101779827	Vlachovice		locality	1
59255	1125943955	Radešín		locality	1
59262	1125946699	Ujčov		locality	1
59264	1125884177	Prosetín		locality	1
59265	1125945995	Sulkovec		locality	1
59301	101826401	Bystřice nad Pernštejnem		locality	7
59401	101780003	Velké Meziříčí		locality	1
59442	101826417	Měřín		locality	1
59451	101826411	Křižanov		locality	518
59501	1125872219	Velká Bíteš		locality	6
60200	101748109	Brno		locality	1506
60300	101748109	Brno		locality	82
61200	101748109	Brno		locality	192
61300	101748109	Brno		locality	171
61400	101748109	Brno		locality	56
61600	101748109	Brno		locality	79
61700	101748109	Brno		locality	25
61800	101748109	Brno		locality	6
61900	101748109	Brno		locality	26
62000	101748109	Brno		locality	13
62300	101748109	Brno		locality	4
62500	101748109	Brno		locality	18
62700	101748109	Brno		locality	987
62700	101779919	Šlapanice		locality	3
62800	101748109	Brno		locality	42
63400	101748109	Brno		locality	13
63600	101748109	Brno		locality	10
63700	101748109	Brno		locality	4
63800	101748109	Brno		locality	23
63900	101748109	Brno		locality	67
64400	101748109	Brno		locality	878
66401	1125940253	Řícmanice		locality	62
66401	101779959	Bílovice nad Svitavou		locality	9
66401	1126017143	Babice nad Svitavou		locality	2
66402	101779977	Ochoz u Brna		locality	3
66405	101779901	Tvarožná		locality	1
66407	1125900213	Sivice		locality	1
66411	101779987	Zbýšov		locality	1
66412	101779903	Oslavany		locality	29
66417	1126017265	Omice		locality	3
66431	101754427	Lelekovice		locality	1
66434	101779917	Kuřim		locality	7
66441	101779935	Troubsko		locality	554
66441	1126017265	Omice		locality	262
66441	1125775821	Popůvky		locality	2
66442	101754429	Modřice		locality	11
66442	101748109	Brno		locality	1
66443	101780855	Želešice		locality	3
66443	1125916031	Hajany		locality	1
66446	1125991131	Silůvky		locality	177
66447	101779899	Střelice		locality	1
66447	101779935	Troubsko		locality	1
66448	101779975	Moravany		locality	1
66449	101760459	Ostopovice		locality	2
66451	101779919	Šlapanice		locality	249
66451	1125938671	Jiříkovice		locality	244
66451	1125796875	Kobylnice		locality	1
66452	101779967	Sokolnice		locality	1
66453	101779973	Újezd u Brna		locality	3
66461	1125894275	Opatovice		locality	6
66461	101781137	Rajhrad		locality	4
66461	101780993	Rajhradice		locality	2
66462	101781129	Hrušovany u Brna		locality	1
66463	101781175	Žabčice		locality	1
66467	1125894461	Sobotovice		locality	1
66471	101779963	Veverská Bítýška		locality	2
66471	1125855701	Chudčice		locality	1
66483	1125959681	Lesni Hluboke		locality	1
66484	101779913	Zbraslav		locality	441
66484	101831995	Rosice		locality	11
66484	101833049	Zastávka		locality	1
66491	101781015	Ivančice		locality	6
66491	1125934157	Čučice		locality	1
66501	101831995	Rosice		locality	1301
66601	101831993	Tišnov		locality	1106
66601	101831997	Předklášteří		locality	8
66601	1125910823	Svatoslav		locality	2
66601	1125952969	Heroltice		locality	1
66602	101831997	Předklášteří		locality	414
66603	101831993	Tišnov		locality	257
66603	1125917023	Hradčany		locality	3
66701	101781173	Židlochovice		locality	2
66902	101832007	Znojmo		locality	8
66902	1125940067	Milíčovice		locality	1
66904	101832007	Znojmo		locality	3
67107	1125966481	Zblovice		locality	2
67110	1126027729	Bítov		locality	18
67172	101781039	Miroslav		locality	3
67173	1125834385	Tulešice		locality	1
67181	101832007	Znojmo		locality	6
67201	101781013	Moravský Krumlov		locality	7
67401	101779997	Třebíč		locality	193
67401	1125820455	Kožichovice		locality	2
67401	1125791015	Střítež		locality	1
67521	101780015	Okříšky		locality	482
67521	1125773123	Přibyslavice		locality	1
67522	101780009	Stařeč		locality	65
67526	101781183	Želetava		locality	11
67529	101779991	Kněžice		locality	3
67551	101781179	Jaroměřice nad Rokytnou		locality	37
67571	101780007	Náměšť nad Oslavou		locality	960
67575	101781181	Mohelno		locality	1
67602	101780017	Moravské Budějovice		locality	9
67801	101779939	Blansko		locality	2062
67902	101827417	Rájec		locality	2
67904	101779961	Adamov		locality	316
67905	1125910769	Křtiny		locality	4
67905	1125967265	Březina		locality	3
67913	1126041215	Šošůvka		locality	1
67922	101779931	Lipůvka		locality	8
67923	101826383	Lomnice		locality	3
67923	1125889709	Bukovice		locality	1
67923	1125929339	Zhoř		locality	1
67932	101826361	Svitávka		locality	1
67938	1125933719	Cetkovice		locality	4
67962	1125938353	Křetín		locality	2
67972	101826375	Kunštát		locality	1
67974	101826359	Olešnice		locality	1
68001	1126021737	Kořenec		locality	2
68011	101826365	Boskovice		locality	1
68201	101779915	Vyškov		locality	4
68304	101779923	Drnovice		locality	4
68305	101912197	Račice-Pístovice		locality	1
68323	101779909	Ivanovice na Hané		locality	1
68401	1125941781	Němčany		locality	4
68401	101779951	Slavkov u Brna		locality	4
68601	101831983	Uherské Hradiště		locality	31
68603	101831955	Staré Město		locality	1
68604	101831963	Kunovice		locality	1
68604	1125826077	Podolí		locality	1
68704	1125963517	Jankovice		locality	1
68751	101780971	Nivnice		locality	3
68752	1125935885	Korytná		locality	2
68762	101780961	Dolní Němčí		locality	11
68765	101780979	Strání		locality	1
68771	101779879	Bojkovice		locality	6
68771	1126013767	Hostětín		locality	1
68771	101780981	Záhorovice		locality	1
68774	1125940607	Žítková		locality	1
68801	101780977	Uherský Brod		locality	43
69002	101831999	Břeclav		locality	51
69003	101831999	Břeclav		locality	16
69006	101831999	Břeclav		locality	609
69025	101831999	Břeclav		locality	1
69070	101831999	Břeclav		locality	1
69108	101781141	Bořetice		locality	3
69110	101781119	Kobylí		locality	1
69123	101781147	Pohořelice		locality	6
69125	101781145	Vranovice		locality	11
69141	101831999	Břeclav		locality	1394
69142	101782301	Valtice		locality	45
69143	101781021	Hlohovec		locality	1
69144	101781025	Lednice		locality	2
69145	101781057	Podivín		locality	4
69151	101782299	Lanžhot		locality	1
69154	101781161	Týnec		locality	3
69155	101781159	Moravská Nová Ves		locality	3
69164	101780995	Nosislav		locality	4
69172	1125877237	Klobouky u Brna		locality	1
69176	101781003	Šitbořice		locality	19
69181	1126001255	Horní Věstonice		locality	1
69201	101781149	Mikulov		locality	13
69301	101781053	Hustopeče		locality	267
69301	1125887849	Strachotín		locality	2
69301	1125831017	Kurdějov		locality	1
69501	101781177	Hodonín		locality	639
69603	101781055	Dubňany		locality	460
69605	101781115	Milotice		locality	1
69617	101781073	Dolní Bojanovice		locality	24
69618	101781029	Lužice		locality	1
69621	101781061	Prušánky		locality	13
69621	1125860885	Josefov		locality	2
69635	101781155	Dambořice		locality	1
69637	1125867821	Želetice		locality	6
69642	101781123	Vracov		locality	2
69662	101781157	Strážnice		locality	2
69671	101779985	Blatnice pod Svatým Antonínkem		locality	5
69674	1125850459	Javorník		locality	1
69701	101781051	Kyjov		locality	4
69801	101832005	Veselí nad Moravou		locality	12
70030	101748125	Ostrava		locality	13
70200	101748125	Ostrava		locality	1
70300	101748125	Ostrava		locality	47
70800	101748125	Ostrava		locality	47
70900	101748125	Ostrava		locality	11
71000	101748125	Ostrava		locality	23
71100	101748125	Ostrava		locality	4
71300	101748125	Ostrava		locality	1
71500	101748125	Ostrava		locality	8
71700	101748125	Ostrava		locality	3
71800	101748125	Ostrava		locality	2
71900	101748125	Ostrava		locality	1
72100	101748125	Ostrava		locality	36
72200	101748125	Ostrava		locality	135
72300	101748125	Ostrava		locality	2
72400	101748125	Ostrava		locality	24
72525	101748125	Ostrava		locality	7
72526	101748125	Ostrava		locality	4
72526	101841991	Krásné Pole		locality	3
72528	101748125	Ostrava		locality	1
72529	101748125	Ostrava		locality	5
73301	101748119	Karviná		locality	9
73401	101748119	Karviná		locality	10
73511	101846675	Orlová		locality	1
73514	101846675	Orlová		locality	1
73532	101840905	Rychvald		locality	24
73535	101754457	Horní Suchá		locality	7
73541	1125896531	Petřvald		locality	2
73542	101754471	Horní Těrlicko		locality	4
73543	1125991187	Albrechtice		locality	2
73552	101840927	Bohumín		locality	1
73561	1125900539	Chotěbuz		locality	1
73564	101748121	Havířov		locality	2
73581	101840917	Starý Bohumín		locality	7
73581	101840927	Bohumín		locality	4
73601	101748121	Havířov		locality	6
73601	1125865753	Bludovice		locality	2
73701	101841989	Český Těšín		locality	12
73801	101748127	Frýdek-Místek		locality	34
73911	1126040835	Frýdlant nad Ostravicí		locality	4
73921	101825525	Paskov		locality	23
73925	101754469	Sviadnov		locality	72
73932	101875385	Dolní Datyně		locality	1
73932	101825537	Řepiště		locality	1
73934	101825395	Šenov		locality	44
73937	1125865753	Bludovice		locality	1
73951	101825521	Dobrá		locality	3
73953	1125916841	Horní Tošanovice		locality	2
73961	101825545	Třinec		locality	14
73994	101748109	Brno		locality	1
73995	101825403	Bystřice		locality	6
73995	101825417	Nýdek		locality	1
73998	101826537	Mosty u Jablunkova		locality	1
74201	101825453	Suchdol nad Odrou		locality	1
74213	101825543	Studénka		locality	4
74221	101840939	Kopřivnice		locality	7
74235	101825401	Odry		locality	23
74235	1126025773	Heřmánky		locality	1
74235	1126043889	Vrážné		locality	1
74242	101840911	Šenov u Nového Jičína		locality	7
74245	101825399	Fulnek		locality	2
74251	1125939521	Mošnov		locality	3
74258	101825429	Příbor		locality	1554
74260	101825455	Petřvald 1-Petřvald		locality	2
74272	101826545	Mořkov		locality	1
74283	101840945	Klimkovice		locality	306
74283	1125957185	Zbyslavice		locality	1
74285	101840965	Vřesina		locality	29
74285	101840945	Klimkovice		locality	7
74401	101826539	Frenštát pod Radhoštěm		locality	45
74401	1126037899	Lichnov		locality	1
74401	101826541	Trojanovice		locality	1
74601	101748117	Opava		locality	32
74705	101748117	Opava		locality	5
74706	101748117	Opava		locality	2
74711	101825507	Kozmice		locality	6
74714	101840923	Ludgeřovice		locality	44
74714	101840925	Markvartovice		locality	36
74715	101825515	Šilheřovice		locality	2
74716	101840921	Hať		locality	25
74717	101825493	Darkovice		locality	20
74720	101825489	Vřesina		locality	55
74721	101825387	Kravaře		locality	3
74723	101825499	Bolatice		locality	7
74731	101825425	Velké Hoštice		locality	7
74755	1125847283	Jakartovice		locality	1
74757	101825509	Slavkov		locality	3
74764	101825373	Velká Polom		locality	3
74764	1125989405	Budišovice		locality	1
74766	101825479	Dolní Lhota		locality	1
74769	101825431	Pustá Polom		locality	1
74786	1125831287	Kružberk		locality	7
74787	101825501	Budišov nad Budišovkou		locality	1
74791	101825513	Štítina		locality	3
74901	101825391	Vítkov		locality	5
74901	1125942297	Nové Lublice		locality	1
75002	101826569	Přerov		locality	3662
75101	101827423	Tovačov		locality	3
75122	101826599	Osek nad Bečvou		locality	3
75124	101826569	Přerov		locality	1111
75127	101826569	Přerov		locality	146
75131	101826565	Lipník nad Bečvou		locality	1
75151	101826569	Přerov		locality	1
75152	101826569	Přerov		locality	1
75201	101780043	Kojetín		locality	202
75301	101840977	Hranice		locality	14
75501	101779843	Vsetín		locality	16
75601	101779789	Hovězí		locality	2
75602	101779849	Huslenky		locality	2
75603	101779793	Halenkov		locality	13
75606	101779895	Velké Karlovice		locality	2
75611	1125948383	Pozděchov		locality	1
75612	1125784059	Študlov		locality	1
75623	1125945599	Pržno		locality	1
75624	1125801169	Bystřička		locality	1
75624	1125940863	Mikulůvka		locality	1
75627	101826353	Valašská Bystřice		locality	1
75642	1125797259	Choryně		locality	1
75643	101826357	Kelč		locality	1
75661	101826345	Rožnov pod Radhoštěm		locality	19
75663	101841977	Krhová		locality	3
75701	101840849	Valašské Meziříčí		locality	16
76005	101748107	Zlín		locality	1
76301	1125773421	Sazovice		locality	1
76302	101754421	Tečovice		locality	1
76312	1126016301	Bratřejov		locality	1
76316	101831947	Fryšták		locality	1
76319	1125827797	Kašava		locality	4
76326	101831957	Luhačovice		locality	3
76333	101779835	Štítná nad Vláří-Popov		locality	2
76501	101779861	Otrokovice		locality	4
76502	101779861	Otrokovice		locality	3
76601	101779865	Valašské Klobouky		locality	1
76701	101831961	Kroměříž		locality	22
76802	101779807	Zdounky		locality	1
76804	1125786793	Střílky		locality	2
76811	101779869	Chropyně		locality	4
76813	1125919873	Litenčice		locality	1
76823	1125860375	Břest		locality	1
76852	1125868191	Kurovice		locality	1
76901	101779871	Holešov		locality	21
77200	101748129	Olomouc		locality	3
77900	101748129	Olomouc		locality	40
77900	1125855739	Daskabát		locality	2
77900	1125894175	Lošov		locality	1
77911	101748129	Olomouc		locality	1
78301	101748129	Olomouc		locality	1
78314	101825569	Bohuňovice		locality	1
78314	1125772341	Hlušovice		locality	1
78333	1125834153	Příkazy		locality	1
78336	101824167	Křelov-Břuchotín		locality	5
78341	1125855559	Bystročice		locality	1
78344	101826557	Náměšť na Hané		locality	1
78361	101840983	Hlubočky		locality	4
78365	101840983	Hlubočky		locality	3
78365	1125941375	Mrsklesy		locality	1
78372	101826613	Velký Týnec		locality	2
78391	101825581	Uničov		locality	3
78401	101825583	Litovel		locality	8
78401	101825609	Červenka		locality	3
78501	101826313	Sternberk		locality	1
78701	101840979	Šumperk		locality	20
78803	101825593	Nový Malín		locality	4
78813	101840987	Rapotín		locality	1
78814	101840987	Rapotín		locality	1
78815	101825575	Velké Losiny		locality	1
78820	1125815653	Dolní Studénky		locality	1
78825	1125978487	Ostružná		locality	6
78833	101825161	Hanušovice		locality	4
78901	101825579	Zábřeh		locality	13
78901	1125965807	Rovensko		locality	1
78985	101825555	Mohelnice		locality	3
79001	101840971	Jeseník		locality	33
79063	101824159	Lipová-lázně		locality	1
79064	101824165	Vápenná		locality	1
79065	101824145	Žulová		locality	1
79069	1125850285	Bílá Voda		locality	1
79201	101825461	Bruntál		locality	4
79326	101824123	Vrbno pod Pradědem		locality	1
79351	101825465	Břidličná		locality	2
79376	101824163	Zlaté Hory		locality	52
79501	101825393	Rýmařov		locality	2
79601	101840991	Prostějov		locality	17
79607	101840991	Prostějov		locality	1
79807	101824133	Kobeřice		locality	1
79809	1125994191	Výšovice		locality	2
79821	101826587	Bedihošť		locality	7
79845	101840991	Prostějov		locality	1
79855	1125906359	Hvozd		locality	1
79858	1125847349	Čechy pod Kosířem		locality	1
79907	101826615	Kralice na Hané		locality	2
91101	1125973943	Biskupice		locality	6
91942	1125769207	Nová Ves		locality	2
93128	1125767355	Karlštejn		locality	1
93164	1125898969	Frauenberg		locality	5
333101	101825223	Plasy		locality	1
385017	101780907	Vimperk		locality	1
501721	101824257	Týniště nad Orlicí		locality	1
