X	101752053	Banska Bystrica		locality	6
9	1108800123	Bratislava		locality	1
011 77	101752063	Zilina		locality	1
011 79	101752063	Zilina		locality	1
013 15	101843931	Rajecká Lesná		locality	2
013 03	101780393	Krasňany		locality	1
013 05	1125990593	Lysica		locality	1
013 13	1125774267	Konská		locality	1
013 18	101780385	Lietava		locality	1
013 18	1126006179	Podhorie		locality	1
013 31	101860161	Divina		locality	1
013 41	1125860993	Paština Závada		locality	1
013 51	101843923	Predmier		locality	1
013 53	101843921	Petrovice		locality	1
013 54	101843927	Kolárovice		locality	1
013 55	101843929	Štiavnik		locality	1
013 61	101780375	Kotešová		locality	1
013 62	101843925	Veľké Rovné		locality	1
017 07	101780349	Povazska Bystrica		locality	3
017 01	101780341	Sverepec		locality	1
017 45	101780349	Povazska Bystrica		locality	1
018 01	101843907	Udiča		locality	1
018 02	101843909	Dolná Mariková		locality	1
018 13	101780867	Papradno		locality	1
018 15	101780339	Prečín		locality	1
018 16	1125774377	Malé Lednice		locality	1
018 17	1125960701	Jasenica		locality	1
018 31	101781773	Košecké Podhradie		locality	1
020 54	101780333	Lysá pod Makytou		locality	1
020 71	1125774397	Nimnica		locality	1
022 01	101842015	Cadca		locality	8
023 45	101860169	Horný Vadičov		locality	5
023 01	101847801	Oščadnica		locality	3
023 33	101860167	Povina		locality	2
023 57	101842009	Podvysoká		locality	2
023 02	101842019	Krásno nad Kysucou		locality	1
023 05	101781817	Nová Bystrica		locality	1
023 12	101842003	Svrčinovec		locality	1
023 21	101826667	Korňa		locality	1
023 34	101780411	Kysucký Lieskovec		locality	1
023 52	101841999	Olešná		locality	1
023 56	101843969	Makov		locality	1
023 56	101875841	Čierne		locality	1
026 01	1126045949	Jasenová		locality	1
026 25	101780409	Dolný Kubín		locality	1
027 44	101780549	Tvrdošín		locality	20
027 43	101780551	Nižná		locality	6
027 32	101832749	Zuberec		locality	5
027 42	101780553	Podbiel		locality	3
027 53	101780407	Istebné		locality	1
027 55	101843941	Chlebnice		locality	1
028 01	101780871	Trstená		locality	5
029 44	101847811	Rabča		locality	11
029 51	101860181	Lokca		locality	5
029 47	101847805	Oravská Polhora		locality	4
029 52	101780597	Hruštín		locality	2
029 54	1125894975	Krušetnica		locality	2
029 01	101847829	Vavrečka		locality	1
029 52	101843987	Babín		locality	1
029 55	101826671	Novoť		locality	1
029 56	101847827	Zákamenné		locality	1
029 62	101847817	Oravské Veselé		locality	1
029 64	101847823	Oravská Jasenica		locality	1
031 80	101780369	Liptovsky Mikulas		locality	2
031 01	1125883159	Demänová		locality	1
031 04	1126016857	Veterná Poruba		locality	1
32-310	1125797137	Zálesie		locality	126
032 03	1125830753	Liptovský Ján		locality	4
032 03	1125880877	Uhorská Ves		locality	1
032 04	1125774267	Konská		locality	1
032 04	1125774343	Liptovský Ondrej		locality	1
032 05	1125793263	Smrečany		locality	1
032 11	1125830699	Lazisko		locality	1
032 14	101843911	Ľubeľa		locality	1
032 21	1125880511	Jalovec		locality	1
032 31	101780365	Hybe		locality	1
032 32	101780359	Východná		locality	1
032 34	1125830807	Malužiná		locality	1
032 34	1126016737	Nižná Boca		locality	1
032 44	101843913	Liptovská Kokava		locality	1
033 01	101780355	Jamník		locality	1
033 01	1126041245	Liptovská Porúbka		locality	1
033 01	101843915	Liptovský Peter		locality	1
34-424	101780551	Nižná		locality	56
034 04	101832721	Ruzomberok		locality	2
034 06	101832721	Ruzomberok		locality	2
34-730	101780551	Nižná		locality	2
034 72	101780315	Liptovská Lúžna		locality	1
034 73	101780313	Liptovská Osada		locality	1
034 74	101782945	Liptovské Revúce		locality	1
034 82	1126009357	Bešeňová		locality	1
034 83	1125774141	Ivachnová		locality	1
034 92	101843899	Stankovany		locality	1
034 95	101832719	Likavka		locality	1
034 96	101780303	Komjatná		locality	1
038 61	101754907	Vrútky		locality	36
38-232	1125880719	Poľany		locality	1
38-307	1125985659	Ruská		locality	1
040 15	101752055	Kosice		locality	50
042 00	101752055	Kosice		locality	1
43-376	101783983	Kalná nad Hronom		locality	255
044 25	101782911	Medzev		locality	897
044 17	101782925	Slanec		locality	40
044 23	101782913	Jasov		locality	13
044 02	1125971693	Háj		locality	8
044 21	1125810665	Nováčany		locality	5
044 55	101782839	Veľká Ida		locality	4
044 20	1125816497	Malá Ida		locality	2
045 01	101782923	Moldava nad Bodvou		locality	17
045 17	101782923	Moldava nad Bodvou		locality	1
048 01	101782901	Rožňava		locality	20
049 11	101782895	Plešivec		locality	3
049 12	101782897	Gemerská Hôrka		locality	3
049 01	101780221	Muráň		locality	1
049 18	101843817	Lubeník		locality	1
049 18	101783963	Lehota		locality	1
049 25	101843871	Dobšiná		locality	1
049 36	101782883	Slavošovce		locality	1
049 44	101843873	Hrhov		locality	1
049 45	1125787873	Krásnohorská Dlhá Lúka		locality	1
052 01	101832715	Spišská Nová Ves		locality	3792
052 05	101832715	Spišská Nová Ves		locality	167
052 01	101780281	Teplička		locality	1
053 11	101832717	Smižany		locality	1765
053 31	101832715	Spišská Nová Ves		locality	318
053 42	101780283	Krompachy		locality	5
053 04	101780373	Spišské Podhradie		locality	3
053 02	1126011373	Domaňovce		locality	1
053 22	101780277	Jamník		locality	1
053 23	101780259	Rudňany		locality	1
053 40	101780261	Slovinky		locality	1
053 51	101875829	Kluknava		locality	1
053 61	1126016837	Spišské Vlachy		locality	1
053 61	1125773517	Vojkovce		locality	1
053 63	101843893	Spišský Hrušov		locality	1
054 01	1125991509	Kurimany		locality	1
055 66	101782941	Smolník		locality	14
055 01	101780255	Margecany		locality	1
055 64	101780251	Mníšek nad Hnilcom		locality	1
058 01	101752069	Poprad		locality	35
059 60	101860171	Vysoké Tatry		locality	116
059 54	101860171	Vysoké Tatry		locality	14
059 16	101780521	Hranovnica		locality	4
059 14	101780527	Spišský Štiavnik		locality	3
059 19	101780517	Vikartovce		locality	2
059 73	1126024187	Žakovce		locality	2
059 01	101780573	Krížová Ves		locality	1
059 02	101780567	Slovenská Ves		locality	1
059 06	1126049801	Červený Kláštor		locality	1
059 72	101780579	Vrbov		locality	1
059 76	101780569	Rakúsy		locality	1
059 79	1125902361	Osturňa		locality	1
062 01	101860171	Vysoké Tatry		locality	9
064 01	1125967117	Stará Ľubovňa		locality	12
065 03	101780587	Podolínec		locality	3
065 32	101780583	Kamienka		locality	2
065 01	101843983	Hniezdne		locality	1
065 11	1125833029	Nová Ľubovňa		locality	1
065 12	101780589	Jakubany		locality	1
065 31	1125930183	Jarabina		locality	1
065 33	1126011569	Veľký Lipník		locality	1
065 34	101860179	Oravská Lesná		locality	1
065 48	1126037203	Šarišské Jastrabie		locality	1
066 01	101780545	Brekov		locality	1
067 81	101780531	Belá nad Cirochou		locality	929
067 61	101780529	Stakčín		locality	655
067 77	101780537	Zemplínske Hámre		locality	342
067 31	101780869	Udavské		locality	1
067 33	101780547	Papín		locality	1
067 83	101780543	Kamenica nad Cirochou		locality	1
068 01	101780599	Medzilaborce		locality	2
071 01	1125844815	Lesné		locality	1
072 04	101780297	Trhovište		locality	2
072 01	101780295	Pozdišovce		locality	1
072 06	101782943	Malčice		locality	1
072 15	101781787	Budkovce		locality	1
072 23	1126058441	Oreské		locality	1
072 32	1126014365	Jovsa		locality	1
072 34	1125816487	Lúčky		locality	1
072 53	101781799	Bežovce		locality	1
072 63	1125957325	Choňkovce		locality	1
076 77	1125985659	Ruská		locality	1
082 71	101780481	Lipany		locality	15
082 33	101780437	Chminianska Nová Ves		locality	1
082 36	1126042269	Lipovce		locality	1
082 38	101780441	Víťaz		locality	1
082 61	101780491	Ražňany		locality	1
082 63	101780497	Jarovnice		locality	1
082 71	101780475	Kamenica		locality	1
082 74	101780483	Brezovica		locality	1
083 01	1125854007	Drienica		locality	1
085 01	101780611	Bardejov		locality	4
085 01	101780607	Richvald		locality	1
085 42	101780611	Bardejov		locality	1
086 04	1125774111	Gerlachov		locality	1
086 12	101875839	Vranov nad Topľou		locality	1
086 12	1125774393	Nemcovce		locality	1
087 01	101780619	Kračúnovce		locality	1
089 01	101780621	Svidník		locality	3
090 33	101780321	Turany		locality	1
091 01	101780593	Stropkov		locality	2
093 01	101875839	Vranov nad Topľou		locality	12
094 35	101780445	Hlinné		locality	2
094 01	101780449	Tovarné		locality	1
094 02	1126053011	Slovenská Kajňa		locality	1
094 07	1125985659	Ruská		locality	1
094 09	101780457	Sedliská		locality	1
094 22	101780467	Nižný Hrušov		locality	1
094 33	101843957	Vyšný Žipov		locality	1
094 35	101780447	Soľ		locality	1
0301	101752061	Martin		locality	1
810 02	1108800123	Bratislava		locality	19
810 05	1108800123	Bratislava		locality	3
810 11	1108800123	Bratislava		locality	2
810 00	1108800123	Bratislava		locality	1
810 04	1108800123	Bratislava		locality	1
810 06	1108800123	Bratislava		locality	1
810 07	1108800123	Bratislava		locality	1
811 07	1108800123	Bratislava		locality	175
811 06	1108800123	Bratislava		locality	165
811 01	1108800123	Bratislava		locality	136
811 02	1108800123	Bratislava		locality	103
811 03	1108800123	Bratislava		locality	74
811 04	1108800123	Bratislava		locality	67
811 05	1108800123	Bratislava		locality	55
811 08	1108800123	Bratislava		locality	54
811 09	1108800123	Bratislava		locality	13
811	1108800123	Bratislava		locality	1
812 19	1108800123	Bratislava		locality	3
812 31	1108800123	Bratislava		locality	2
812 37	1108800123	Bratislava		locality	2
812 45	1108800123	Bratislava		locality	2
812 50	1108800123	Bratislava		locality	2
812 83	1108800123	Bratislava		locality	2
812 13	1108800123	Bratislava		locality	1
812 14	1108800123	Bratislava		locality	1
812 22	1108800123	Bratislava		locality	1
812 30	1108800123	Bratislava		locality	1
812 35	1108800123	Bratislava		locality	1
812 43	1108800123	Bratislava		locality	1
812 44	1108800123	Bratislava		locality	1
812 49	1108800123	Bratislava		locality	1
812 72	1108800123	Bratislava		locality	1
812 80	1108800123	Bratislava		locality	1
813 01	1108800123	Bratislava		locality	4
813 72	1108800123	Bratislava		locality	3
813 03	1108800123	Bratislava		locality	2
813 15	1108800123	Bratislava		locality	2
813 34	1108800123	Bratislava		locality	2
813 25	1108800123	Bratislava		locality	1
813 30	1108800123	Bratislava		locality	1
813 31	1108800123	Bratislava		locality	1
813 64	1108800123	Bratislava		locality	1
813 69	1108800123	Bratislava		locality	1
813 70	1108800123	Bratislava		locality	1
813 71	1108800123	Bratislava		locality	1
813 86	1108800123	Bratislava		locality	1
814 99	1108800123	Bratislava		locality	7
814 79	1108800123	Bratislava		locality	6
814 17	1108800123	Bratislava		locality	3
814 25	1108800123	Bratislava		locality	3
814 36	1108800123	Bratislava		locality	2
814 41	1108800123	Bratislava		locality	2
814 21	1108800123	Bratislava		locality	1
814 28	1108800123	Bratislava		locality	1
814 37	1108800123	Bratislava		locality	1
814 38	1108800123	Bratislava		locality	1
814 40	1108800123	Bratislava		locality	1
814 52	1108800123	Bratislava		locality	1
814 58	1108800123	Bratislava		locality	1
814 69	1108800123	Bratislava		locality	1
814 75	1108800123	Bratislava		locality	1
814 91	1108800123	Bratislava		locality	1
815 39	1108800123	Bratislava		locality	2
815 11	1108800123	Bratislava		locality	1
815 13	1108800123	Bratislava		locality	1
815 18	1108800123	Bratislava		locality	1
815 61	1108800123	Bratislava		locality	1
815 63	1108800123	Bratislava		locality	1
815 74	1108800123	Bratislava		locality	1
816 25	1108800123	Bratislava		locality	2
816 43	1108800123	Bratislava		locality	2
816 11	1108800123	Bratislava		locality	1
816 16	1108800123	Bratislava		locality	1
817 62	1108800123	Bratislava		locality	2
817 72	1108800123	Bratislava		locality	1
817 80	1108800123	Bratislava		locality	1
817 82	1108800123	Bratislava		locality	1
818 01	1108800123	Bratislava		locality	1
818 05	1108800123	Bratislava		locality	1
820 05	1108800123	Bratislava		locality	4
820 07	1108800123	Bratislava		locality	1
820 09	1108800123	Bratislava		locality	1
820 11	1108800123	Bratislava		locality	1
820 12	1108800123	Bratislava		locality	1
821 09	1108800123	Bratislava		locality	280
821 05	1108800123	Bratislava		locality	273
821 08	1108800123	Bratislava		locality	124
821 06	1108800123	Bratislava		locality	85
821 03	1108800123	Bratislava		locality	77
821 04	1108800123	Bratislava		locality	56
821 01	1108800123	Bratislava		locality	37
821 02	1108800123	Bratislava		locality	2
821 07	1108800123	Bratislava		locality	2
821 45	1108800123	Bratislava		locality	1
823 07	1108800123	Bratislava		locality	2
824 45	1108800123	Bratislava		locality	1
824 92	1108800123	Bratislava		locality	1
825 11	1108800123	Bratislava		locality	2
825 10	1108800123	Bratislava		locality	1
825 56	1108800123	Bratislava		locality	1
827 15	1108800123	Bratislava		locality	2
827 29	1108800123	Bratislava		locality	2
827 49	1108800123	Bratislava		locality	2
827 05	1108800123	Bratislava		locality	1
827 25	1108800123	Bratislava		locality	1
827 99	1108800123	Bratislava		locality	1
829 24	1108800123	Bratislava		locality	1
829 48	1108800123	Bratislava		locality	1
829 75	1108800123	Bratislava		locality	1
830 07	1108800123	Bratislava		locality	2
830 08	1108800123	Bratislava		locality	1
831 07	1108800123	Bratislava		locality	874
831 02	1108800123	Bratislava		locality	184
831 03	1108800123	Bratislava		locality	56
831 06	1108800123	Bratislava		locality	47
831 04	1108800123	Bratislava		locality	24
831 05	1108800123	Bratislava		locality	2
831 07	101786405	Čierna Voda		locality	1
832 37	1108800123	Bratislava		locality	2
832 02	1108800123	Bratislava		locality	1
832 21	1108800123	Bratislava		locality	1
832 42	1108800123	Bratislava		locality	1
832 47	1108800123	Bratislava		locality	1
832 56	1108800123	Bratislava		locality	1
832 65	1108800123	Bratislava		locality	1
832 91	1108800123	Bratislava		locality	1
833 03	1108800123	Bratislava		locality	2
833 10	1108800123	Bratislava		locality	2
833 16	1108800123	Bratislava		locality	1
833 36	1108800123	Bratislava		locality	1
833 48	1108800123	Bratislava		locality	1
834 08	1108800123	Bratislava		locality	2
835 17	1108800123	Bratislava		locality	1
837 52	1108800123	Bratislava		locality	2
840 02	1108800123	Bratislava		locality	1
840 05	1108800123	Bratislava		locality	1
840 06	1108800123	Bratislava		locality	1
841 02	1108800123	Bratislava		locality	40
841 05	1108800123	Bratislava		locality	39
841 01	1108800123	Bratislava		locality	36
841 03	1108800123	Bratislava		locality	1
841 69	1108800123	Bratislava		locality	1
842 16	1108800123	Bratislava		locality	3
842 48	1108800123	Bratislava		locality	2
842 11	1108800123	Bratislava		locality	1
842 15	1108800123	Bratislava		locality	1
842 62	1108800123	Bratislava		locality	1
843 10	1108800123	Bratislava		locality	1
843 57	1108800123	Bratislava		locality	1
844 19	1108800123	Bratislava		locality	2
844 02	1108800123	Bratislava		locality	1
844 13	1108800123	Bratislava		locality	1
844 29	1108800123	Bratislava		locality	1
850 05	1108800123	Bratislava		locality	3
850 00	1108800123	Bratislava		locality	2
850 06	1108800123	Bratislava		locality	1
850 07	1108800123	Bratislava		locality	1
851 01	1108800123	Bratislava		locality	371
851 07	1108800123	Bratislava		locality	259
851 06	1108800123	Bratislava		locality	179
851 05	1108800123	Bratislava		locality	141
851 04	1108800123	Bratislava		locality	126
851 02	1108800123	Bratislava		locality	114
851 03	1108800123	Bratislava		locality	65
851 10	1108800123	Bratislava		locality	2
852 38	1108800123	Bratislava		locality	6
852 01	1108800123	Bratislava		locality	1
852 02	1108800123	Bratislava		locality	1
852 12	1108800123	Bratislava		locality	1
852 32	1108800123	Bratislava		locality	1
852 35	1108800123	Bratislava		locality	1
852 42	1108800123	Bratislava		locality	1
852 69	1108800123	Bratislava		locality	1
900 01	101785209	Modra		locality	1869
900 81	1125939747	Šenkvice		locality	1540
900 61	101782733	Gajary		locality	1012
900 28	1125824387	Ivanka pri Dunaji		locality	935
900 45	101786369	Malinovo		locality	358
900 66	101785279	Vysoká pri Morave		locality	4
900 67	101785277	Láb		locality	3
900 88	1125997069	Doľany		locality	3
900 28	1108800123	Bratislava		locality	1
900 53	1126032459	Pernek		locality	1
900 63	101784009	Jakubov		locality	1
901 26	101785287	Malacke		locality	1
902 01	101783949	Pezinok		locality	150
905 01	101784101	Senica		locality	23
906 13	101784111	Brezová pod Bradlom		locality	23
906 06	101781571	Vrbovce		locality	1
906 34	1125778267	Prievaly		locality	1
906 36	1126009815	Plavecké Podhradie		locality	1
906 37	101782735	Sološnica		locality	1
908 01	101782775	Kúty		locality	263
908 43	101782777	Čáry		locality	6
908 45	101782803	Gbely		locality	5
908 75	101782729	Studienka		locality	2
908 76	101784097	Lakšárska Nová Ves		locality	1
911 01	1125991505	Kubrica		locality	1
911 96	101752059	Trencin		locality	1
913 21	101843849	Trenčianska Turná		locality	9
913 07	101843815	Bošáca		locality	3
913 11	101781735	Trenčianske Stankovce		locality	2
913 22	101843837	Trenčianske Jastrabie		locality	2
913 23	1125894935	Dubodiel		locality	2
913 38	101781731	Soblahov		locality	2
913 05	1125774151	Ivanovce		locality	1
913 05	101832697	Melčice-Lieskové		locality	1
913 07	1125929281	Trenčianske Bohuslavice		locality	1
913 08	1125812081	Nová Bošáca		locality	1
913 24	101843839	Svinná		locality	1
913 32	1125891199	Hrabovka		locality	1
914 43	101781725	Omšenie		locality	1
914 51	101781721	Trenčianske Teplice		locality	1
915 01	101782821	Nové Mesto nad Váhom		locality	2063
916 12	101781609	Lubina		locality	3
916 42	101781599	Moravské Lieskové		locality	2
916 16	1125891211	Hrachovište		locality	1
916 16	101782801	Krajné		locality	1
916 21	101782817	Čachtice		locality	1
916 23	101784119	Pobedim		locality	1
916 24	101784117	Horná Streda		locality	1
916 26	101782819	Považany		locality	1
916 31	101782815	Kočovce		locality	1
916 32	1125823299	Hôrka nad Váhom		locality	1
916 33	1125830485	Hrádok		locality	1
916 38	101782813	Beckov		locality	1
917 08	101752051	Trnava		locality	2
917 21	101752051	Trnava		locality	1
917 69	101784025	Smolenice		locality	1
918 43	101752051	Trnava		locality	2
918 20	101752051	Trnava		locality	1
918 64	101752051	Trnava		locality	1
919 51	101843773	Špačince		locality	5
919 03	101784013	Horné Orešany		locality	2
919 02	101784017	Dolné Orešany		locality	1
919 04	1125816541	Lošonec		locality	1
919 05	101784023	Trstín		locality	1
919 08	101782743	Boleráz		locality	1
919 10	1126038271	Buková		locality	1
919 22	101785303	Majcichov		locality	1
919 23	101834137	Vlčkovce		locality	1
919 24	101833933	Križovany nad Dudváhom		locality	1
919 28	101843777	Bucsany		locality	1
919 29	101782745	Malženice		locality	1
919 55	101784021	Kátlovce		locality	1
920 03	101782723	Hlohovec		locality	1
920 41	1125805507	Leopoldov		locality	1
920 42	1126058773	Žlkovce		locality	1
920 56	101783989	Dvorníky		locality	1
922 10	101784037	Trebatice		locality	15
922 06	101780551	Nižná		locality	1
922 08	101784039	Veselé		locality	1
922 09	1125860399	Borovce		locality	1
922 42	101782717	Madunice		locality	1
924 01	101783947	Galanta		locality	15
924 22	101783947	Galanta		locality	1
925 42	101786397	Trstice		locality	24
925 08	101833927	Čierny Brod		locality	4
925 45	101785195	Abrahám		locality	3
925 55	101843735	Vinohrady nad Váhom		locality	3
925 62	101785199	Váhovce		locality	3
925 04	101786395	Tomášikovo		locality	2
925 07	101833931	Mostová		locality	2
925 23	1125891231	Hrubá Borša		locality	2
925 23	101786413	Jelka		locality	2
925 81	101786387	Diakovce		locality	2
925 01	101786403	Matúškovo		locality	1
925 06	101786405	Čierna Voda		locality	1
925 26	101785179	Reca		locality	1
925 27	101785189	Veľký Grob		locality	1
925 31	1126052383	Gáň		locality	1
925 41	101786417	Kráľov Brod		locality	1
925 71	101786381	Trnovec nad Váhom		locality	1
925 72	101786385	Selice		locality	1
925 83	101786389	Žihárec		locality	1
925 91	101785187	Kráľová nad Váhom		locality	1
927 05	101786393	Šaľa		locality	1
927 15	101786393	Šaľa		locality	1
930 28	101787501	Okoč		locality	6
930 02	101786313	Orechová Potôň		locality	1
930 04	101845245	Baka		locality	1
930 04	1125776429	Trstená na Ostrove		locality	1
930 05	101787497	Gabčíkovo		locality	1
930 08	1125894801	Baloň		locality	1
930 11	101786311	Topoľníky		locality	1
930 12	101780203	Ohrady		locality	1
930 30	101845709	Rohovce		locality	1
930 31	1125896701	Bodíky		locality	1
930 32	1125866931	Blatná na Ostrove		locality	1
930 33	101843719	Horný Bar		locality	1
931 01	101786323	Šamorín		locality	10
932 01	101787503	Veľký Meder		locality	10
934 01	101843751	Levice		locality	310
934 01	1125990429	Krškany		locality	1
934 04	101843751	Levice		locality	1
934 29	101843751	Levice		locality	1
934 40	101843751	Levice		locality	1
934 47	101843751	Levice		locality	1
934 68	101843751	Levice		locality	1
935 26	101783977	Starý Tekov		locality	7
935 32	101783983	Kalná nad Hronom		locality	3
935 82	101843753	Plášťovce		locality	3
935 02	101783975	Žemberovce		locality	1
935 04	1125880697	Devičany		locality	1
935 25	101783973	Nová Dedina		locality	1
935 34	101783965	Veľký Ďur		locality	1
935 52	101843749	Šarovce		locality	1
935 55	1125897241	Zbrojníky		locality	1
935 56	1125830485	Hrádok		locality	1
935 66	101786425	Farná		locality	1
935 85	101783987	Demandice		locality	1
940 34	101786339	Nové Zámky		locality	2
940 62	101786339	Nové Zámky		locality	1
941 11	101786327	Palárikovo		locality	1
941 22	101786325	Zemné		locality	1
941 23	101786329	Andovce		locality	1
941 32	101843725	Semerovo		locality	1
941 33	101786363	Kolta		locality	1
941 34	1125906207	Jasová		locality	1
941 35	101786335	Dubník		locality	1
941 41	101786361	Bešeňov		locality	1
941 42	101786357	Veľké Lovce		locality	1
941 47	1125773501	Radava		locality	1
943 01	101834157	Štúrovo		locality	622
943 03	101834157	Štúrovo		locality	1
943 05	101843751	Levice		locality	1
943 10	101834157	Štúrovo		locality	1
943 53	101843905	Belá-Dulice		locality	1
943 59	1125897215	Pavlová		locality	1
943 61	101786345	Salka		locality	1
943 65	101787513	Kamenica nad Hronom		locality	1
945 01	101913501	Komárno		locality	169
945 05	101913501	Komárno		locality	5
945 25	101913501	Komárno		locality	1
945 33	101913501	Komárno		locality	1
945 36	101913501	Komárno		locality	1
945 52	101913501	Komárno		locality	1
946 56	101787487	Dulovce		locality	7
946 38	1125861879	Radvaň nad Dunajom		locality	2
946	101787487	Dulovce		locality	1
946 01	101787469	Kameničná		locality	1
946 51	101780201	Nesvady		locality	1
946 54	101786305	Bajč		locality	1
946 65	1125798587	Vrbová nad Váhom		locality	1
947 01	1125860753	Martovce		locality	1
949 88	101752049	Nitra		locality	1
950 01	101752049	Nitra		locality	2
950 50	101752049	Nitra		locality	2
950 51	101752049	Nitra		locality	1
951 24	101782713	Nové Sady		locality	3
951 95	101784001	Obyce		locality	2
951 02	101785241	Dolné Obdokovce		locality	1
951 02	101785237	Pogranice		locality	1
951 05	101785175	Maňa		locality	1
951 08	101785249	Golianovo		locality	1
951 12	101785231	Ivanka pri Nitre		locality	1
951 21	101783959	Rišňovce		locality	1
951 22	101858941	Alekšince		locality	1
951 35	101785223	Veľké Zálužie		locality	1
951 36	101783963	Lehota		locality	1
951 37	1125894941	Rumanová		locality	1
951 42	101752049	Nitra		locality	1
951 42	101754897	Zbehy		locality	1
951 43	101843743	Čakajovce		locality	1
951 78	101783955	Jelenec		locality	1
951 87	101785273	Volkovce		locality	1
951 94	101783999	Hostie		locality	1
956 02	101780219	Urmince		locality	1
956 11	101784075	Ludanice		locality	1
956 35	1125990485	Vysočany 		locality	1
956 54	1125822457	Ruskovce		locality	1
962 04	101843801	Kriváň		locality	7
962 63	101784109	Pliešovce		locality	6
962 31	101782783	Sielnica		locality	3
962 05	101782781	Korytárky		locality	1
962 51	101782837	Badín		locality	1
962 61	101784107	Dobrá Niva		locality	1
962 65	101783991	Hontianske Nemce		locality	1
962 68	1125823267	Hontianske Tesáre		locality	1
965 02	101843981	Vysne Ruzbachy		locality	1
966 01	101782931	Ždaňa		locality	1
966 15	101782747	Banská Belá		locality	1
966 23	101843803	Lovčica-Trubín		locality	1
966 52	101784053	Tekovská Breznica		locality	1
966 77	1125906217	Kľak		locality	1
966 77	1125774447	Ostrý Grúň		locality	1
966 78	1125979631	Hrabičov		locality	1
967 01	101784145	Horná Ves		locality	2
967 01	1125774025	Bartošova Lehôtka		locality	1
968 01	101784049	Brehy		locality	1
969 01	101782751	Banská Štiavnica		locality	52
969 01	1126045787	Banský Studenec		locality	1
969 01	1125997395	Ilija		locality	1
969 72	101782749	Svätý Anton		locality	1
969 73	1126009451	Prenčov		locality	1
969 82	1126006163	Podhorie		locality	1
972 01	101754905	Bojnice		locality	1624
972 11	101781647	Lazany		locality	529
972 43	101781673	Zemianske Kostoľany		locality	244
972 25	101781687	Diviaky nad Nitricou		locality	1
972 26	101783963	Lehota		locality	1
972 27	101843831	Liešťany		locality	1
972 48	101784145	Horná Ves		locality	1
976 66	101781741	Polomka		locality	1035
976 67	101781745	Závadka nad Hronom		locality	692
976 73	101780231	Telgárt		locality	6
976 68	101780229	Heľpa		locality	3
976 81	101781751	Podbrezová		locality	3
976 13	1125890209	Podkonice		locality	1
976 32	101782837	Badín		locality	1
976 32	101782785	Sliač		locality	1
976 61	1125796391	Lučatín		locality	1
976 62	101843819	Brusno		locality	1
976 96	101843823	Medzibrod nad Hronom		locality	1
977 03	101780227	Brezno		locality	2
979 01	101784133	Rimavská Sobota		locality	32
980 01	101782775	Kúty		locality	2
980 11	101784125	Ožďany		locality	1
980 21	101843785	Tomášovce		locality	1
980 53	101783963	Lehota		locality	1
980 61	101782823	Tisovec		locality	1
985 58	101784045	Radzovce		locality	2
985 11	101843783	Halič		locality	1
985 11	1126009441	Praha		locality	1
985 12	1125958305	Tuhár		locality	1
985 25	101857935	Hradište		locality	1
985 52	1126003027	Ružiná		locality	1
985 53	101782759	Mýtna		locality	1
991 03	1125997099	Pôtor		locality	1
991 07	1126011477	Opatovská Nová Ves		locality	1
01001	101752063	Zilina		locality	2140
01002	101752063	Zilina		locality	2
01003	101752063	Zilina		locality	1097
01004	101752063	Zilina		locality	1504
01007	101752063	Zilina		locality	188
01008	101752063	Zilina		locality	436
01009	101752063	Zilina		locality	730
01014	101752063	Zilina		locality	1
01015	101752063	Zilina		locality	13
01026	101752063	Zilina		locality	2
01043	101752063	Zilina		locality	1
01045	101752063	Zilina		locality	1
01138	101752063	Zilina		locality	1
01140	101752063	Zilina		locality	1
01157	101752063	Zilina		locality	1
01161	101752063	Zilina		locality	1
01166	101752063	Zilina		locality	1
01180	101752063	Zilina		locality	1
1295/14	101781619	Bánovce nad Bebravou		locality	1
01301	101832725	Teplička nad Váhom		locality	2
01306	101843935	Terchová		locality	114
01311	101758645	Lietavská Lúčka		locality	41
01311	101860159	Lietavská Svinná-Babkov		locality	4
01313	101780389	Rajecké Teplice		locality	3
01324	101860165	Strečno		locality	2
01332	101780381	Dlhé Pole		locality	2
01401	101780377	Bytča		locality	1
1410/154A	101752063	Zilina		locality	1
01501	101780401	Rajec		locality	31
01701	101780349	Povazska Bystrica		locality	187
01753	101780349	Povazska Bystrica		locality	1
01841	101781761	Dubnica nad Váhom		locality	1722
01851	101781781	Nová Dubnica		locality	586
01853	101781769	Bolešov		locality	1
01855	1125888947	Tuchyňa		locality	2
01861	101781809	Beluša		locality	818
01901	101781767	Ilava		locality	2
02001	101780335	Púchov		locality	4
02001	1125774093	Dolné Kočkovce		locality	3
02061	1125986721	Lednické Rovne		locality	1
02314	101842001	Skalité		locality	2
02331	101780413	Rudina		locality	2
02335	101875837	Ochodnica		locality	2
02341	101843945	Nesluša		locality	8
02354	101842013	Turzovka		locality	3
02401	101832731	Kysucké Nové Mesto		locality	74
02404	101832731	Kysucké Nové Mesto		locality	8
2542	101833293	Lábatlan		locality	1
02601	101780409	Dolný Kubín		locality	7
02705	101843939	Zázrivá		locality	2
02712	101780561	Vitanová		locality	2
02712	101780557	Liesek		locality	1
02732	101832747	Habovka		locality	1
02741	101780403	Oravský Podzámok		locality	1
02743	101780551	Nižná		locality	1
02801	101780563	Brezovica		locality	2
02901	101847821	Námestovo		locality	104
02957	101860179	Oravská Lesná		locality	1
03101	101780369	Liptovsky Mikulas		locality	210
03101	1125800263	Liptovský Trnovec		locality	2
03101	1125861009	Pavčina Lehota		locality	1
03104	101780369	Liptovsky Mikulas		locality	4
03105	101780369	Liptovsky Mikulas		locality	1
03106	1125883159	Demänová		locality	1
3121	101785295	Ružindol		locality	3
03123	101780369	Liptovsky Mikulas		locality	1
03215	1125860969	Partizánska Ľupča		locality	1
03221	101780351	Bobrovec		locality	3
03233	101783963	Lehota		locality	7
03242	101780353	Pribylina		locality	4
03251	1125895531	Demänovská Dolina		locality	2
03261	101780363	Važec		locality	1
03301	101780367	Liptovský Hrádok		locality	23
03401	101832721	Ruzomberok		locality	1290
03401	101832719	Likavka		locality	1
03404	101780369	Liptovsky Mikulas		locality	1
03481	101875831	Lisková		locality	1
03483	1126002993	Liptovská Teplá		locality	3
03483	1126009357	Bešeňová		locality	1
03601	101752061	Martin		locality	43
03608	101752061	Martin		locality	1
03821	101843835	Mošovce		locality	1
03843	101780317	Kláštor pod Znievom		locality	1
03852	101780323	Sučany		locality	1
03901	101781701	Turčianske Teplice		locality	10
04001	101752055	Kosice		locality	3740
04011	101752055	Kosice		locality	1612
04012	101752055	Kosice		locality	399
04013	101752055	Kosice		locality	545
04014	101752055	Kosice		locality	165
04016	101752055	Kosice		locality	152
04017	101752055	Kosice		locality	1127
04018	101752055	Kosice		locality	5
04022	101752055	Kosice		locality	509
04023	101752055	Kosice		locality	431
04126	101752055	Kosice		locality	2
04142	101752055	Kosice		locality	1
04151	101752055	Kosice		locality	1
04184	101752055	Kosice		locality	1
04190	101752055	Kosice		locality	2
04265	101752055	Kosice		locality	1
04267	101752055	Kosice		locality	1
04291	101752055	Kosice		locality	1
04323	101752055	Kosice		locality	1
04402	101843881	Turňa nad Bodvou		locality	1
04412	1126011445	Nižný Klátov		locality	11
04413	101860151	Valaliky		locality	2
04419	101782907	Ruskov		locality	1
04424	101782909	Poproč		locality	58
04442	101780245	Rozhanovce		locality	1
04471	101782919	Čečejovce		locality	1
04801	101782901	Rožňava		locality	1
04922	101782887	Gemerská Poloma		locality	1
04932	101782889	Štítnik		locality	17
04941	101782891	Krásnohorské Podhradie		locality	1
05001	101782833	Revúca		locality	1
05301	101780269	Harichovce		locality	12
05314	1126010291	Spišský Štvrtok		locality	1
05401	101780371	Leutschau		locality	61
05467	101780371	Leutschau		locality	1
05601	101843887	Gollnitz		locality	18
05901	101780571	Spišská Belá		locality	3
05912	101843965	Hôrka		locality	2
05918	101780519	Spišské Bystré		locality	6
05921	101780513	Svit		locality	9
05941	1125846453	Tatranska Strba		locality	14
05942	1125774103	Gerlachov		locality	2
05952	1126046213	Stará Lesná		locality	97
05952	101843975	Veľká Lomnica		locality	40
05955	101780501	Ždiar		locality	9
05971	101832751	Ľubica		locality	1
05981	101860171	Vysoké Tatry		locality	2
05985	101780511	Strba		locality	1
06001	101832753	Kežmarok		locality	53
06052	1125967117	Stará Ľubovňa		locality	1
06502	101843981	Vysne Ruzbachy		locality	1
06601	101832745	Humenné		locality	2981
06782	101780533	Dlhé nad Cirochou		locality	1
06901	101780539	Snina		locality	181
07101	101780301	Michalovce		locality	4572
07222	101780285	Strážske		locality	14
07231	101843895	Vinne		locality	3
07301	101780329	Sobrance		locality	1047
07501	101832709	Trebisov		locality	12
07631	101843869	Streda nad Bodrogom		locality	1
07653	1125860387	Boľ		locality	1
07701	1125830599	Kráľovský Chlmec		locality	4
07901	101781795	Veľké Kapušany		locality	2
08001	101752067	Prešov		locality	396
08005	101752067	Prešov		locality	5
08006	101754911	Ľubotice		locality	13
08006	101752067	Prešov		locality	1
08015	101752067	Prešov		locality	1
08033	101752067	Prešov		locality	1
08193	101752067	Prešov		locality	1
08203	101843953	Lemešany		locality	1
08204	101780421	Drienov		locality	1
08212	101780429	Kapušany		locality	1
08233	101780439	Chminianske Jakubovany		locality	1
08301	101780473	Zeben		locality	1
08601	1125956533	Rokytov		locality	3
08641	101780609	Raslavice		locality	2
08701	101780617	Giraltovce		locality	2
09302	101875839	Vranov nad Topľou		locality	1
09414	101780471	Sečovská Polianka		locality	2
09431	1125830193	Hanušovce nad Topľou		locality	3
68766	101781595	Květná		locality	1
70800	101781643	Poruba		locality	4
70833	101781643	Poruba		locality	1
80147	1108800123	Bratislava		locality	1
81109	1108800123	Bratislava		locality	28
81275	1108800123	Bratislava		locality	1
81415	1108800123	Bratislava		locality	1
81467	1108800123	Bratislava		locality	1
82102	1108800123	Bratislava		locality	10
82104	1108800123	Bratislava		locality	2
82107	1108800123	Bratislava		locality	45
82405	1108800123	Bratislava		locality	1
82715	1108800123	Bratislava		locality	2
83005	1108800123	Bratislava		locality	1
83006	1108800123	Bratislava		locality	5
83101	1108800123	Bratislava		locality	112
83102	1108800123	Bratislava		locality	1
83104	1108800123	Bratislava		locality	99
83107	1108800123	Bratislava		locality	148
83152	1108800123	Bratislava		locality	14
83153	1108800123	Bratislava		locality	22
83154	1108800123	Bratislava		locality	8
83232	1108800123	Bratislava		locality	4
83416	1108800123	Bratislava		locality	1
84007	1108800123	Bratislava		locality	1
84103	1108800123	Bratislava		locality	93
84104	1108800123	Bratislava		locality	545
84105	1108800123	Bratislava		locality	4
84106	1108800123	Bratislava		locality	3
84107	1108800123	Bratislava		locality	28
84108	1108800123	Bratislava		locality	4
84110	1108800123	Bratislava		locality	18
84214	1108800123	Bratislava		locality	1
84258	1108800123	Bratislava		locality	1
84302	1108800123	Bratislava		locality	2
84454	1108800123	Bratislava		locality	1
84512	1108800123	Bratislava		locality	1
84535	1108800123	Bratislava		locality	1
84551	1108800123	Bratislava		locality	1
85110	1108800123	Bratislava		locality	740
85421	101780353	Pribylina		locality	1
90021	101785217	Svätý Jur		locality	7
90025	1125957335	Chorvátsky Grob		locality	17
90026	101785219	Slovenský Grob		locality	4
90027	101843727	Bernolákovo		locality	127
90028	1125859035	Zálesie		locality	10
90031	101785289	Stupava		locality	58
90041	101786377	Rovinka		locality	3
90042	1125859033	Dunajská Lužná		locality	16
90042	1125860419	Miloslavov		locality	1
90044	101786371	Tomášov		locality	2
90046	1126012125	Most pri Bratislave		locality	4
90050	101786367	Kráľová pri Senci		locality	2
90051	101785283	Zohor		locality	1
90052	101784011	Kuchyňa		locality	2
90055	101785281	Lozorno		locality	76
90068	1125840075	Plavecký Štvrtok		locality	2
90068	101785285	Plavecký Štvrtok		locality	1
90084	101785177	Báhoň		locality	12
90085	101785211	Vištuk		locality	2
90086	101785207	Budmerice		locality	9
90089	1125778945	Píla		locality	3
90089	101785205	Častá		locality	3
90101	101785287	Malacke		locality	28
90127	101785287	Malacke		locality	1
90301	101833921	Senec		locality	36
90301	101785301	Šúrovce		locality	2
90605	101782771	Sobotište		locality	1
90645	101784091	Štefanov		locality	2
90701	101781575	Myjava		locality	2
90701	1125859045	Stará Myjava		locality	2
90703	101781575	Myjava		locality	2
90841	101784099	Šaštín-Stráže		locality	3
90844	1125774317	Letničie		locality	3
90848	101781583	Kopčany		locality	5
90851	101781587	Holíč		locality	2
90871	101833945	Moravský Svätý Ján		locality	1
90874	1125911261	Malé Leváre		locality	3
90879	101782779	Borský Svätý Jur		locality	3
90901	101781579	Skalica		locality	52
91008	101752059	Trencin		locality	3
91101	101752059	Trencin		locality	3905
91101	1125774775	Zamarovce		locality	71
91104	101752059	Trencin		locality	1
91105	101752059	Trencin		locality	50
91105	1125774775	Zamarovce		locality	7
91106	101752059	Trencin		locality	1
91108	101752059	Trencin		locality	352
91133	101752059	Trencin		locality	1
91137	101752059	Trencin		locality	1
91250	101752059	Trencin		locality	2
91303	101843845	Drietoma		locality	1
91306	1125929281	Trenčianske Bohuslavice		locality	1
91307	1125978907	Zemianske Podhradie		locality	2
91311	1125979669	Veľké Bierovce		locality	2
91332	101781709	Dolná Súča		locality	4
91401	101781717	Trenčianska Teplá		locality	3
91441	101781713	Nemšová		locality	38
91601	101781613	Stará Turá		locality	13
91611	101781615	Bzince pod Javorinou		locality	1
91637	1126042265	Kálnica		locality	2
91700	101752051	Trnava		locality	1
91701	101752051	Trnava		locality	54
91702	101752051	Trnava		locality	2
91705	101752051	Trnava		locality	1
91901	101785291	Suchá nad Parnou		locality	1
91904	101784025	Smolenice		locality	2
91933	101782721	Trakovice		locality	6
91942	101785305	Voderady		locality	4
91943	101784027	Cífer		locality	1002
91953	101784019	Dechtice		locality	2
91965	101782739	Dolná Krupá		locality	1
92001	101782723	Hlohovec		locality	27
92101	101832691	Piešťany		locality	176
92101	101832689	Banka		locality	4
92203	101784031	Vrbové		locality	19
92205	101780213	Chtelnica		locality	1
92205	1125852223	Veľké Úľany		locality	1
92207	101843781	Veľké Kostoľany		locality	4
92221	101833935	Moravany nad Váhom		locality	4
92241	101784043	Drahovce		locality	1
92403	101783947	Galanta		locality	5
92427	101783947	Galanta		locality	1
92452	101783947	Galanta		locality	1
92509	101786399	Košúty		locality	20
92521	101843733	Sládkovičovo		locality	6
92522	101786401	Veľké Úľany		locality	4
92553	101785193	Pata		locality	1
92584	101833923	Vlčany		locality	2
92600	101834125	Sereď		locality	17
92601	101834125	Sereď		locality	66
92700	101786393	Šaľa		locality	1
92701	101786393	Šaľa		locality	10
92901	101786315	Dunajska Streda		locality	18
93003	101858939	Kostolné Kračany		locality	2
93007	1125957363	Medveďov		locality	7
93008	101787499	Čiližská Radvaň		locality	2
93010	101845713	Dolný Štál		locality	93
93021	101786309	Jahodná		locality	1
93041	1126052943	Kvetoslavov		locality	4
93041	1126052933	Hviezdoslavov		locality	1
93405	101843751	Levice		locality	3
93503	101783971	Bátovce		locality	2
93521	101783967	Tlmače		locality	206
93522	101843759	Kozárovce		locality	6
93524	101783969	Čajkov		locality	7
93528	101783967	Tlmače		locality	1
93529	101783981	Hronské Kľačany		locality	4
93533	1125987785	Nový Tekov		locality	8
93561	101786429	Hronovce		locality	1
93601	101786421	Šahy		locality	15
94001	101786339	Nové Zámky		locality	6
94002	101786339	Nové Zámky		locality	7
94049	101786339	Nové Zámky		locality	1
94064	101786339	Nové Zámky		locality	1
94066	101786339	Nové Zámky		locality	1
94075	101786339	Nové Zámky		locality	1
94101	101786359	Bánov		locality	3
94104	101834107	Mojzesovo		locality	2
94110	101786351	Tvrdošovce		locality	3
94131	101786331	Dvory nad Žitavou		locality	2
94137	101780207	Strekov		locality	3
94148	101786353	Podhájska		locality	63
94201	101786365	Šurany		locality	21
94342	101787505	Gbelce		locality	1
94357	101780209	Kamenín		locality	1
94360	101787509	Nána		locality	1
94501	101913501	Komárno		locality	1
94603	101787465	Kolárovo		locality	6
94701	101787485	Hurbanovo		locality	8
94901	101752049	Nitra		locality	2247
94905	101752049	Nitra		locality	5
94907	101752049	Nitra		locality	3
94911	101752049	Nitra		locality	348
95015	101752049	Nitra		locality	1
95101	101754901	Nitrianske Hrnčiarovce		locality	1
95141	101754899	Kajsa		locality	1
95193	101784003	Topoľčianky		locality	1
95201	101785251	Vráble		locality	118
95300	101875819	Zlaté Moravce		locality	1
95301	101875819	Zlaté Moravce		locality	68
95305	101785271	Čierne Kľačany		locality	3
95305	101875819	Zlaté Moravce		locality	1
95330	101875819	Zlaté Moravce		locality	1
95342	101875819	Zlaté Moravce		locality	1
95501	1125775895	Topoľčany		locality	53
95503	101833941	Topoľčany		locality	49
95605	101780215	Radošina		locality	4
95612	101833937	Preseľany		locality	1
95617	101784071	Solčany		locality	2
95622	101784059	Prašice		locality	2
95633	101843789	Chynorany		locality	1
95701	101781619	Bánovce nad Bebravou		locality	56
95704	101781619	Bánovce nad Bebravou		locality	167
95801	101784085	Partizánske		locality	1703
95803	101784085	Partizánske		locality	1
95804	101784085	Partizánske		locality	791
95841	1125861945	Veľké Uherce		locality	4
95841	101784085	Partizánske		locality	1
95852	101784079	Žabokreky nad Nitrou		locality	271
95854	101857935	Hradište		locality	286
96001	101782787	Zvolen		locality	60
96002	101782787	Zvolen		locality	1
96003	101782787	Zvolen		locality	1
96006	101782787	Zvolen		locality	1
96007	101782787	Zvolen		locality	1
96201	101784103	Zvolenská Slatina		locality	3
96202	101784103	Zvolenská Slatina		locality	1
96205	101781555	Hriňová		locality	2
96212	101843797	Detva		locality	7
96212	101781559	Očová		locality	2
96231	101782785	Sliač		locality	139
96271	1125774651	Súdovce		locality	1
96501	101843809	Žiar nad Hronom		locality	780
96601	1125823259	Bzenica		locality	2
96601	101843807	Hliník nad Hronom		locality	2
96602	101858951	Vyhne		locality	2
96623	101843803	Lovčica-Trubín		locality	2
96671	101858945	Hodruša-Hámre		locality	1
96701	101781591	Kremnica		locality	221
96801	101875821	Nová Baňa		locality	9
96903	101782751	Banská Štiavnica		locality	1
97101	101752057	Prievidza		locality	7479
97202	101781695	Handlová		locality	295
97202	101754903	Opatovce nad Nitrou		locality	10
97205	101843833	Sebedražie		locality	4
97211	101781643	Poruba		locality	1
97212	101781655	Nedožery-Brezany		locality	391
97213	101780223	Nitrianske Pravno		locality	2
97215	101781635	Kľačno		locality	3
97217	101781651	Kanianka		locality	353
97221	101781665	Nitrianske Sučany		locality	3
97222	101782847	Nitrica		locality	14
97223	101782843	Dolné Vestenice		locality	6
97226	101781661	Nitrianske Rudno		locality	569
97231	101832695	Ráztočno		locality	19
97231	1125880511	Jalovec		locality	6
97232	101832693	Chrenovec-Brusno		locality	2
97242	101781669	Lehota pod Vtáčnikom		locality	2
97244	101781683	Kamenec pod Vtáčnikom		locality	156
97245	101782849	Bystričany		locality	3
97246	101784139	Čereňany		locality	150
97247	101784143	Oslany		locality	64
97251	101781695	Handlová		locality	1277
97271	101875825	Nováky		locality	6
97401	101752053	Banska Bystrica		locality	1580
97404	101752053	Banska Bystrica		locality	3233
97405	101752053	Banska Bystrica		locality	1482
97409	101752053	Banska Bystrica		locality	31
97411	101752053	Banska Bystrica		locality	1152
97611	1125979341	Selce		locality	1
97613	101843821	Slovenská Ľupča		locality	6
97633	101782835	Poniky		locality	3
97645	101858953	Hronec		locality	314
97645	1125830955	Osrblie		locality	2
97646	101875827	Valaská		locality	75
97652	101781757	Čierny Balog		locality	5
97657	101832701	Michalová		locality	2
97664	101780225	Beňuš		locality	2
97669	101843851	Pohorelá		locality	1
97671	101782851	Šumiac		locality	1
97681	1126007513	Horná Lehota		locality	7
97697	101843853	Nemecká		locality	2
97701	101780227	Brezno		locality	6
97746	101780227	Brezno		locality	1
98055	101782825	Klenovec		locality	1
98401	101782765	Lučenec		locality	10
98526	101782793	Málinec		locality	7
98559	101843787	Vidiná		locality	2
98601	1125769547	Fiľakovo		locality	1
98701	101782797	Poltár		locality	13
99001	101785269	Veľký Krtíš		locality	4
511010	1125987785	Nový Tekov		locality	1
900025	1125957335	Chorvátsky Grob		locality	1
